CourseID,CourseName,Category,Instructor,StudentsEnrolled,StudentsCompleted,Revenue,Rating,FeedbackScore,Month
100,Python for Data Science,Technology,Emily Zhang,166,153,13484.5,4.3,79,2025-01
101,Nutrition and Wellness,Health,Emily Zhang,197,54,5027.83,3.5,79,2025-04
102,Photography Masterclass,Arts,Alan Wu,273,63,8647.01,4.7,65,2024-12
103,First Aid Training,Health,Emily Zhang,200,154,18101.31,4.9,93,2025-01
104,Chemistry Basics,Science,Jane Smith,66,42,2211.24,3.7,100,2024-08
105,Brand Management,Marketing,John Doe,132,67,1974.69,3.6,96,2024-12
106,Brand Management,Marketing,John Doe,105,94,7245.23,3.7,73,2025-05
107,Mental Health Awareness,Health,John Doe,378,90,10650.22,4.6,91,2024-06
108,Biology Today,Science,Susan Lee,273,22,960.18,4.1,89,2025-03
109,SEO Fundamentals,Marketing,Jane Smith,380,44,2818.73,3.9,68,2024-06
110,Python for Data Science,Technology,Alan Wu,324,308,40462.17,4.0,83,2024-12
111,Entrepreneurship 101,Business,Carlos Diaz,420,248,13516.82,3.9,67,2024-07
112,Brand Management,Marketing,Jane Smith,209,150,18227.76,4.2,69,2024-07
113,Machine Learning Basics,Technology,Mohammed Ali,138,106,11623.09,4.5,83,2024-06
114,Entrepreneurship 101,Business,Jane Smith,284,274,6967.62,4.9,60,2025-02
115,Business Strategy,Business,Emily Zhang,408,56,8312.68,4.3,82,2024-06
116,Nutrition and Wellness,Health,Alan Wu,495,85,12499.77,4.3,66,2025-02
117,Creative Writing,Arts,Mohammed Ali,216,137,12911.29,3.5,84,2024-11
118,Machine Learning Basics,Technology,Jane Smith,485,348,38092.41,4.3,96,2024-11
119,Web Development,Technology,Alan Wu,428,111,3437.83,4.1,67,2024-10
120,Brand Management,Marketing,Carlos Diaz,207,124,14358.88,4.0,76,2025-05
121,Brand Management,Marketing,Alan Wu,229,120,12684.34,3.6,74,2025-05
122,Machine Learning Basics,Technology,Carlos Diaz,121,81,8748.46,4.2,64,2024-06
123,Business Strategy,Business,Emily Zhang,210,91,6633.82,4.2,97,2025-01
124,Graphic Design,Arts,Jane Smith,395,24,2545.56,4.0,69,2024-12
125,Nutrition and Wellness,Health,Susan Lee,60,59,6707.27,4.1,98,2024-06
126,Business Strategy,Business,Jane Smith,319,250,31085.97,4.2,98,2024-12
127,Business Strategy,Business,Alan Wu,331,165,4574.36,4.8,78,2025-05
128,Personal Finance,Finance,Jane Smith,355,263,20105.7,4.3,67,2024-06
129,Business Strategy,Business,John Doe,353,196,17413.88,4.9,73,2024-12
130,Chemistry Basics,Science,Emily Zhang,208,96,2229.91,4.6,66,2024-10
131,Personal Finance,Finance,Susan Lee,179,40,5981.67,3.7,82,2024-07
132,Stock Market 101,Finance,John Doe,204,132,10401.39,5.0,74,2025-05
133,Creative Writing,Arts,John Doe,296,177,8345.11,4.0,90,2024-07
134,Physics Essentials,Science,Emily Zhang,425,186,9124.18,4.6,83,2025-01
135,Digital Marketing,Marketing,Jane Smith,103,94,9458.53,4.1,66,2025-01
136,Personal Finance,Finance,John Doe,436,47,5951.69,3.6,68,2024-08
137,Digital Marketing,Marketing,Emily Zhang,293,183,9504.45,3.6,88,2025-04
138,First Aid Training,Health,Jane Smith,197,87,9180.44,4.5,60,2024-10
139,Python for Data Science,Technology,Mohammed Ali,297,224,20444.09,4.0,91,2024-07
140,Physics Essentials,Science,Susan Lee,161,53,1630.4,4.6,85,2024-06
141,Brand Management,Marketing,Susan Lee,277,240,20791.96,3.6,96,2025-04
142,Business Strategy,Business,Alan Wu,292,98,6476.0,4.1,74,2024-09
143,Brand Management,Marketing,Jane Smith,441,104,2797.47,3.5,66,2024-12
144,Digital Marketing,Marketing,Carlos Diaz,231,66,4864.99,4.0,78,2024-08
145,Physics Essentials,Science,John Doe,329,80,1879.72,3.8,87,2024-09
146,Accounting Basics,Finance,Carlos Diaz,163,153,10656.5,4.3,73,2024-08
147,Creative Writing,Arts,Jane Smith,477,176,23626.77,4.3,100,2024-08
148,Business Strategy,Business,Susan Lee,167,135,10810.81,3.7,100,2025-03
149,Entrepreneurship 101,Business,Emily Zhang,121,95,11891.27,4.9,65,2024-09
150,Photography Masterclass,Arts,John Doe,352,274,24419.61,3.6,63,2024-09
151,Web Development,Technology,John Doe,59,23,2525.44,4.2,83,2024-12
152,Digital Marketing,Marketing,Mohammed Ali,123,50,7464.99,4.2,80,2024-09
153,Chemistry Basics,Science,Carlos Diaz,72,67,8678.35,3.9,68,2024-10
154,Machine Learning Basics,Technology,Jane Smith,310,308,28065.71,4.4,99,2024-09
155,Nutrition and Wellness,Health,Mohammed Ali,469,181,4073.84,4.6,77,2025-05
156,Creative Writing,Arts,Susan Lee,304,54,7266.38,4.2,76,2025-02
157,Excel for Beginners,Business,Susan Lee,354,47,3864.33,4.9,70,2025-04
158,Python for Data Science,Technology,Alan Wu,58,54,1194.49,4.3,87,2025-03
159,Chemistry Basics,Science,Susan Lee,90,87,11208.89,4.9,98,2024-09
160,Web Development,Technology,Jane Smith,133,20,704.43,4.7,90,2025-01
161,Entrepreneurship 101,Business,Alan Wu,302,33,4818.39,3.9,91,2025-02
162,First Aid Training,Health,Susan Lee,384,49,5653.12,4.2,86,2024-12
163,Stock Market 101,Finance,Mohammed Ali,417,312,42118.8,3.6,77,2025-01
164,Nutrition and Wellness,Health,Mohammed Ali,181,69,7323.53,5.0,70,2024-12
165,Biology Today,Science,John Doe,65,63,3120.84,3.8,79,2025-02
166,Biology Today,Science,Emily Zhang,373,260,35067.55,4.2,79,2024-07
167,Graphic Design,Arts,Carlos Diaz,213,106,4057.19,3.8,80,2024-10
168,Machine Learning Basics,Technology,Susan Lee,331,101,10392.39,4.0,70,2024-08
169,Excel for Beginners,Business,Alan Wu,414,100,9332.8,4.8,99,2024-09
170,Nutrition and Wellness,Health,Alan Wu,477,440,58056.99,3.8,60,2025-03
171,Excel for Beginners,Business,Alan Wu,499,175,3914.71,4.2,96,2024-07
172,Machine Learning Basics,Technology,Carlos Diaz,98,81,3169.44,3.9,83,2024-10
173,Photography Masterclass,Arts,Mohammed Ali,110,27,3382.55,4.0,89,2024-10
174,First Aid Training,Health,Emily Zhang,149,43,1773.59,3.5,66,2025-05
175,Web Development,Technology,Jane Smith,279,204,18275.72,4.9,90,2024-08
176,Chemistry Basics,Science,Susan Lee,430,237,28835.9,4.4,68,2024-10
177,Python for Data Science,Technology,John Doe,204,40,4809.3,4.2,71,2024-12
178,Graphic Design,Arts,Susan Lee,55,40,5527.41,4.8,62,2024-06
179,SEO Fundamentals,Marketing,Jane Smith,188,150,19845.31,3.9,100,2024-11
180,Chemistry Basics,Science,Emily Zhang,419,419,11638.36,4.2,69,2025-01
181,Graphic Design,Arts,John Doe,436,327,17414.83,3.6,71,2024-12
182,First Aid Training,Health,Emily Zhang,99,23,691.35,4.6,72,2025-03
183,Creative Writing,Arts,Alan Wu,313,298,33967.73,4.8,72,2025-01
184,Entrepreneurship 101,Business,Mohammed Ali,116,67,5850.17,4.0,65,2024-05
185,Mental Health Awareness,Health,Jane Smith,170,64,8053.41,4.6,72,2024-11
186,Physics Essentials,Science,John Doe,386,331,13167.75,4.4,66,2024-12
187,Biology Today,Science,Jane Smith,325,319,43614.89,4.5,68,2024-07
188,Creative Writing,Arts,Emily Zhang,173,98,10664.25,3.8,98,2024-09
189,Business Strategy,Business,Jane Smith,301,250,13614.32,4.7,73,2025-05
190,Biology Today,Science,Alan Wu,67,60,7549.96,4.0,62,2024-09
191,First Aid Training,Health,Jane Smith,392,119,15370.3,4.4,79,2024-10
192,Photography Masterclass,Arts,Mohammed Ali,57,23,2645.45,4.0,69,2025-02
193,Accounting Basics,Finance,Mohammed Ali,304,246,10949.17,4.0,86,2025-02
194,Nutrition and Wellness,Health,Carlos Diaz,106,75,6255.27,4.8,94,2024-06
195,Stock Market 101,Finance,Susan Lee,274,148,6303.35,3.6,63,2025-04
196,Nutrition and Wellness,Health,John Doe,492,216,16259.62,4.9,67,2025-02
197,Photography Masterclass,Arts,Alan Wu,164,72,9344.53,4.7,61,2024-08
198,Digital Marketing,Marketing,Alan Wu,386,123,11511.31,4.8,98,2024-06
199,Stock Market 101,Finance,Alan Wu,353,102,15226.44,4.3,84,2025-04
200,Python for Data Science,Technology,Jane Smith,169,37,1780.59,3.6,86,2024-09
201,Creative Writing,Arts,Alan Wu,85,73,9654.7,3.7,93,2024-08
202,Chemistry Basics,Science,Susan Lee,304,216,10347.09,3.8,88,2025-04
203,Graphic Design,Arts,Emily Zhang,413,241,20967.96,3.8,61,2025-05
204,Stock Market 101,Finance,Mohammed Ali,474,178,25969.51,4.3,98,2024-08
205,SEO Fundamentals,Marketing,Mohammed Ali,53,38,3414.12,4.5,64,2025-01
206,Excel for Beginners,Business,Alan Wu,272,186,13811.68,3.5,97,2024-12
207,Personal Finance,Finance,Susan Lee,281,142,18962.55,4.3,62,2024-12
208,Chemistry Basics,Science,Emily Zhang,123,109,11691.63,4.0,82,2025-05
209,Web Development,Technology,John Doe,444,103,8407.16,3.5,78,2025-05
210,First Aid Training,Health,Alan Wu,174,47,6251.37,3.9,96,2024-07
211,First Aid Training,Health,Jane Smith,144,60,7640.51,4.9,82,2024-08
212,Entrepreneurship 101,Business,John Doe,420,292,41452.0,4.8,89,2024-10
213,Accounting Basics,Finance,Emily Zhang,259,251,19153.22,3.7,80,2025-04
214,First Aid Training,Health,Mohammed Ali,390,279,23650.41,3.8,92,2025-03
215,Entrepreneurship 101,Business,John Doe,397,318,25625.89,3.7,76,2025-03
216,Creative Writing,Arts,Carlos Diaz,137,32,3846.02,4.4,94,2024-07
217,Chemistry Basics,Science,John Doe,465,152,7294.64,4.2,81,2024-12
218,Creative Writing,Arts,Susan Lee,145,44,1410.88,4.2,66,2025-04
219,Nutrition and Wellness,Health,Carlos Diaz,372,256,33339.25,4.4,69,2024-07
220,Accounting Basics,Finance,John Doe,125,68,5806.02,4.9,86,2024-08
221,Excel for Beginners,Business,Susan Lee,370,217,21235.54,4.8,66,2025-04
222,Brand Management,Marketing,Susan Lee,385,348,23883.32,4.5,84,2024-08
223,Chemistry Basics,Science,John Doe,351,43,2992.15,4.3,82,2024-12
224,Brand Management,Marketing,Emily Zhang,463,114,2645.98,4.4,84,2025-01
225,Brand Management,Marketing,Mohammed Ali,456,80,6787.55,4.2,88,2025-05
226,Chemistry Basics,Science,Mohammed Ali,182,112,15833.65,3.8,66,2024-11
227,Python for Data Science,Technology,Emily Zhang,253,157,8109.03,4.0,64,2025-02
228,Machine Learning Basics,Technology,Emily Zhang,365,89,10827.1,4.1,76,2024-09
229,Graphic Design,Arts,John Doe,194,163,16035.48,4.5,100,2024-10
230,Python for Data Science,Technology,Jane Smith,497,104,10442.9,3.9,88,2024-06
231,Physics Essentials,Science,Susan Lee,303,142,14429.06,3.6,88,2024-07
232,Brand Management,Marketing,John Doe,272,40,2099.17,4.3,68,2025-05
233,Business Strategy,Business,Mohammed Ali,67,26,3311.22,3.9,72,2024-09
234,Biology Today,Science,Jane Smith,458,45,2490.38,3.8,66,2025-03
235,Python for Data Science,Technology,John Doe,128,77,10175.2,3.5,70,2025-03
236,Business Strategy,Business,Emily Zhang,66,54,2734.72,4.9,76,2024-12
237,Digital Marketing,Marketing,Carlos Diaz,467,409,21329.12,4.7,82,2024-12
238,Photography Masterclass,Arts,John Doe,426,141,16780.24,4.9,71,2024-07
239,Physics Essentials,Science,Emily Zhang,365,111,5423.81,3.7,70,2024-08
240,Biology Today,Science,Alan Wu,395,183,10706.58,4.0,76,2025-04
241,Digital Marketing,Marketing,Jane Smith,323,127,7238.77,4.1,67,2024-12
242,Nutrition and Wellness,Health,Carlos Diaz,444,248,36916.79,3.6,98,2025-03
243,Accounting Basics,Finance,Emily Zhang,212,154,9756.74,4.3,66,2025-01
244,Python for Data Science,Technology,Carlos Diaz,489,197,12171.14,4.5,82,2024-07
245,Physics Essentials,Science,Mohammed Ali,124,21,2022.23,4.8,89,2024-12
246,Mental Health Awareness,Health,John Doe,204,176,25881.93,4.1,93,2024-12
247,Digital Marketing,Marketing,Mohammed Ali,68,53,2392.94,4.3,79,2024-07
248,Personal Finance,Finance,Jane Smith,163,108,13283.91,4.2,86,2025-02
249,Business Strategy,Business,Susan Lee,215,61,3682.18,4.9,94,2024-06
250,Nutrition and Wellness,Health,Mohammed Ali,59,24,936.2,4.3,99,2025-02
251,First Aid Training,Health,John Doe,90,63,1944.81,4.2,84,2024-06
252,Digital Marketing,Marketing,Susan Lee,124,99,4063.57,4.5,80,2025-02
253,Physics Essentials,Science,Susan Lee,63,36,4071.91,3.9,84,2025-05
254,Creative Writing,Arts,John Doe,205,20,1362.88,4.9,70,2024-08
255,Web Development,Technology,John Doe,58,38,5456.8,4.8,95,2024-05
256,Business Strategy,Business,Susan Lee,488,203,21151.18,4.4,81,2024-06
257,Biology Today,Science,John Doe,117,109,3815.12,4.1,90,2024-08
258,Photography Masterclass,Arts,Susan Lee,170,109,9591.27,4.0,60,2025-05
259,Business Strategy,Business,Alan Wu,356,169,4421.78,3.6,74,2024-08
260,Excel for Beginners,Business,Susan Lee,73,61,2739.15,4.6,77,2025-05
261,Physics Essentials,Science,Emily Zhang,81,49,2940.83,3.7,85,2025-04
262,Digital Marketing,Marketing,Carlos Diaz,81,64,3538.86,4.7,72,2024-10
263,Web Development,Technology,John Doe,405,262,34827.27,3.9,81,2024-06
264,Entrepreneurship 101,Business,Carlos Diaz,495,64,4055.55,4.7,82,2025-05
265,Nutrition and Wellness,Health,Emily Zhang,130,120,12662.64,4.1,87,2024-10
266,Accounting Basics,Finance,Emily Zhang,141,24,506.64,4.3,61,2025-03
267,First Aid Training,Health,Susan Lee,439,431,38147.02,3.8,98,2024-09
268,Chemistry Basics,Science,Emily Zhang,345,333,46602.38,4.7,89,2025-05
269,Mental Health Awareness,Health,Mohammed Ali,389,313,8176.53,3.6,80,2025-01
270,Nutrition and Wellness,Health,Emily Zhang,57,36,4871.93,4.1,77,2024-12
271,Photography Masterclass,Arts,Alan Wu,65,28,1766.01,3.8,94,2024-08
272,Stock Market 101,Finance,Alan Wu,363,257,29775.04,5.0,68,2025-01
273,Machine Learning Basics,Technology,Mohammed Ali,316,100,5813.92,3.9,100,2024-11
274,First Aid Training,Health,Jane Smith,125,106,7778.47,4.5,70,2025-05
275,Python for Data Science,Technology,Emily Zhang,372,307,42468.51,4.0,79,2025-03
276,Brand Management,Marketing,Mohammed Ali,421,219,13333.78,4.1,82,2024-11
277,Web Development,Technology,Emily Zhang,148,23,1971.68,4.4,63,2024-11
278,Entrepreneurship 101,Business,Mohammed Ali,460,460,13138.3,3.8,84,2025-02
279,Personal Finance,Finance,Carlos Diaz,174,109,2722.11,3.7,91,2025-04
280,Machine Learning Basics,Technology,Jane Smith,339,163,17184.28,3.7,96,2024-10
281,Machine Learning Basics,Technology,Mohammed Ali,140,109,9453.11,4.8,80,2024-12
282,First Aid Training,Health,Emily Zhang,444,335,21644.95,4.4,79,2024-10
283,Nutrition and Wellness,Health,Susan Lee,257,115,11301.17,3.7,89,2024-07
284,Nutrition and Wellness,Health,Emily Zhang,238,211,30278.19,4.9,72,2025-03
285,First Aid Training,Health,Susan Lee,490,303,12281.14,3.5,70,2024-10
286,Personal Finance,Finance,Carlos Diaz,461,20,1685.64,4.4,67,2024-10
287,Creative Writing,Arts,Carlos Diaz,276,58,3510.06,3.5,94,2024-06
288,Physics Essentials,Science,Alan Wu,130,26,2153.4,4.4,82,2024-10
289,Business Strategy,Business,Jane Smith,450,182,10912.57,4.1,95,2025-01
290,SEO Fundamentals,Marketing,Emily Zhang,273,119,12568.32,4.5,92,2025-01
291,Physics Essentials,Science,John Doe,291,276,17870.06,3.6,72,2025-05
292,Biology Today,Science,Emily Zhang,269,210,16690.64,4.4,97,2025-04
293,Chemistry Basics,Science,Jane Smith,244,234,17058.0,4.6,77,2024-08
294,Personal Finance,Finance,Emily Zhang,93,81,2231.2,4.5,100,2024-09
295,Personal Finance,Finance,Susan Lee,130,89,3063.89,3.6,61,2024-07
296,Chemistry Basics,Science,Jane Smith,298,114,6751.67,3.7,91,2024-09
297,SEO Fundamentals,Marketing,Emily Zhang,95,61,3764.85,3.7,87,2024-10
298,SEO Fundamentals,Marketing,Alan Wu,331,236,6557.26,3.7,66,2025-05
299,Physics Essentials,Science,Mohammed Ali,114,45,4970.26,4.3,85,2024-07
