Startup_ID,Name,Sector,Sub-Sector,City,State,Founded_Year,Founder_Name,Funding_Stage,Investment_Type,Amount_Raised,Investors_Count,Lead_Investor,Co-Investors,Valuation_Post_Funding,Revenue,Profitability,Number_of_Employees,Tech_Stack,Primary_Product,Customer_Base_Size,Growth_Rate,Exit_Status,Acquisition_Details,Funding_Date,Pitch_Deck_Link,Social_Media_Followers,Competitors,Patents,ESG_Score,Diversity_Index,Net_Impact_Score
8f3393d8,Startup_0,AgriTech,Sub_4,Mumbai,Tamil Nadu,2018,Founder_201,Series D,Grant,6805013,7,Investor_320,Investor_724,61245117,4996463,Yes,135,AR/VR,Product_4,61984,43.38,No,,21/2/20,http://example.com/pitchdeck/0,48180,Competitor_44,7,6.3,48.49,6.26
02c3f0c0,Startup_1,TravelTech,Sub_7,Mumbai,Karnataka,2014,Founder_539,Series C,Grant,2213939,7,Investor_950,Investor_759,17711512,2029580,Yes,431,Cloud Computing,Product_17,61647,40.53,Yes,Acquirer_27,21/9/22,http://example.com/pitchdeck/1,82009,Competitor_25,17,6.95,25.51,3.3
c6e1ea56,Startup_2,AgriTech,Sub_4,Bangalore,Delhi,2008,Founder_177,IPO,Grant,9692982,1,Investor_124,Investor_956,87236838,930691,No,81,IoT,Product_4,65066,16.72,Yes,Acquirer_126,26/2/16,http://example.com/pitchdeck/2,66856,Competitor_100,4,6.55,56.59,2.87
459ac1ec,Startup_3,Gaming,Sub_5,Pune,Delhi,2019,Founder_202,Series B,Grant,1326080,6,Investor_623,Investor_522,5304320,3896390,Yes,496,AI/ML,Product_12,90757,48.21,No,,24/4/15,http://example.com/pitchdeck/3,12464,Competitor_12,2,3.14,26.78,2.58
cdffe321,Startup_4,SaaS,Sub_4,Delhi,Tamil Nadu,2021,Founder_456,Series C,Debt,6850202,5,Investor_116,Investor_273,47951414,4196194,No,90,Big Data,Product_6,56856,13.9,Yes,Acquirer_100,26/10/16,http://example.com/pitchdeck/4,80372,Competitor_84,18,3.41,52.34,1.42
246d473d,Startup_5,HealthTech,Sub_5,Mumbai,Tamil Nadu,2017,Founder_356,Series B,Debt,3670412,10,Investor_311,Investor_694,36704120,3547564,Yes,386,IoT,Product_7,42051,10.26,Yes,Acquirer_57,19/10/21,http://example.com/pitchdeck/5,46716,Competitor_27,12,9.25,69.5,9.09
155afc7e,Startup_6,AgriTech,Sub_9,Chennai,Telangana,2006,Founder_906,Series C,Debt,2355597,10,Investor_326,Investor_993,4711194,1254671,No,283,AI/ML,Product_8,70893,28.75,No,,3/8/15,http://example.com/pitchdeck/6,66257,Competitor_56,1,4.86,50.34,7.14
3cbee10d,Startup_7,AI,Sub_8,Chennai,Maharashtra,2018,Founder_894,IPO,Debt,2878539,9,Investor_349,Investor_774,20149773,1048858,Yes,347,Blockchain,Product_19,73251,20.97,Yes,Acquirer_183,4/4/18,http://example.com/pitchdeck/7,94251,Competitor_82,17,2.34,72.95,9.74
6dc214c0,Startup_8,AgriTech,Sub_1,Delhi,Delhi,2012,Founder_679,Seed,Debt,6446865,5,Investor_630,Investor_961,12893730,4505127,Yes,136,Blockchain,Product_14,48530,36.4,No,,21/5/15,http://example.com/pitchdeck/8,36693,Competitor_49,8,5.26,32.41,9.61
94ea0ea1,Startup_9,AgriTech,Sub_1,Bangalore,Tamil Nadu,2023,Founder_883,Seed,Convertible Note,1285015,5,Investor_542,Investor_434,7710090,1501929,No,410,Big Data,Product_8,78754,12.29,Yes,Acquirer_69,26/3/23,http://example.com/pitchdeck/9,99522,Competitor_39,12,6.22,28.94,3.15
7477ab65,Startup_10,E-Commerce,Sub_6,Delhi,Karnataka,2009,Founder_440,Series B,Equity,7454861,9,Investor_664,Investor_89,29819444,3292013,Yes,239,Blockchain,Product_9,40166,21.3,Yes,Acquirer_15,13/11/19,http://example.com/pitchdeck/10,11038,Competitor_63,7,3.37,73.91,1.94
fa194a0f,Startup_11,SaaS,Sub_2,Mumbai,Delhi,2010,Founder_431,Series B,Equity,6825420,1,Investor_946,Investor_334,40952520,4651756,Yes,476,Blockchain,Product_20,25853,40.02,Yes,Acquirer_99,27/10/15,http://example.com/pitchdeck/11,68085,Competitor_26,17,5.43,43.71,7.9
ad32c32d,Startup_12,HealthTech,Sub_4,Bangalore,Tamil Nadu,2014,Founder_109,Series A,Debt,3713578,1,Investor_9,Investor_446,18567890,731978,Yes,258,Blockchain,Product_18,42367,14.84,Yes,Acquirer_144,2/9/22,http://example.com/pitchdeck/12,54711,Competitor_2,10,6.39,76.85,1.08
1f35b5b1,Startup_13,FinTech,Sub_10,Mumbai,Uttar Pradesh,2016,Founder_213,Series B,Debt,640875,10,Investor_478,Investor_913,1281750,2485720,No,220,AI/ML,Product_24,93613,6.69,No,,26/7/16,http://example.com/pitchdeck/13,56194,Competitor_34,11,9.79,69.03,7.39
d4f8d245,Startup_14,FinTech,Sub_9,Pune,Karnataka,2005,Founder_745,Series C,Debt,5500846,3,Investor_627,Investor_947,11001692,3034567,Yes,406,AI/ML,Product_13,95691,13.13,No,,10/10/15,http://example.com/pitchdeck/14,89826,Competitor_15,12,9.28,29.04,4.29
749405f0,Startup_15,Retail,Sub_8,Bangalore,Delhi,2017,Founder_153,Series C,Equity,8237868,9,Investor_951,Investor_185,82378680,1206608,Yes,370,Cloud Computing,Product_7,74574,46.84,Yes,Acquirer_115,8/10/15,http://example.com/pitchdeck/15,76532,Competitor_55,5,5,49.21,8.55
465fe273,Startup_16,Retail,Sub_10,Bangalore,Karnataka,2023,Founder_193,Series A,Grant,5912644,5,Investor_510,Investor_119,17737932,4672695,No,433,Big Data,Product_13,66938,31.73,No,,31/10/24,http://example.com/pitchdeck/16,42153,Competitor_71,15,8.46,21.54,6.45
9a18312c,Startup_17,Retail,Sub_1,Pune,Telangana,2008,Founder_765,Series A,Equity,4782463,3,Investor_76,Investor_484,33477241,1581045,No,291,AR/VR,Product_10,50647,37.3,Yes,Acquirer_17,5/1/17,http://example.com/pitchdeck/17,88381,Competitor_71,7,7.16,39.22,7.27
414f74af,Startup_18,E-Commerce,Sub_5,Chennai,Karnataka,2010,Founder_315,Series D,Convertible Note,8601967,2,Investor_483,Investor_279,17203934,4891620,No,238,IoT,Product_9,52192,30.24,No,,31/1/22,http://example.com/pitchdeck/18,43978,Competitor_9,1,2.11,71.13,2.98
f1e92943,Startup_19,Retail,Sub_9,Bangalore,Telangana,2021,Founder_325,Seed,Equity,4142744,8,Investor_818,Investor_25,24856464,2356320,No,449,IoT,Product_19,40075,7.86,Yes,Acquirer_149,14/12/23,http://example.com/pitchdeck/19,36956,Competitor_39,1,9.84,32.19,2.93
daac0f2a,Startup_20,Retail,Sub_3,Mumbai,Delhi,2014,Founder_407,Series B,Grant,4007744,3,Investor_614,Investor_733,32061952,3413021,No,485,AI/ML,Product_15,63834,48.91,No,,30/6/23,http://example.com/pitchdeck/20,82366,Competitor_10,11,5.22,32.71,9.22
6e485003,Startup_21,FinTech,Sub_4,Delhi,Tamil Nadu,2005,Founder_431,Seed,Debt,9959994,6,Investor_3,Investor_973,79679952,4311003,Yes,142,Blockchain,Product_22,15121,34.2,Yes,Acquirer_121,18/7/17,http://example.com/pitchdeck/21,50008,Competitor_20,18,4.21,20.32,9.9
6141d278,Startup_22,AgriTech,Sub_10,Hyderabad,Maharashtra,2012,Founder_623,Series A,Grant,4343473,2,Investor_303,Investor_801,26060838,3637973,Yes,473,AR/VR,Product_14,12707,22.94,Yes,Acquirer_101,11/10/22,http://example.com/pitchdeck/22,82870,Competitor_20,7,8.57,64.7,9.08
a550472b,Startup_23,E-Commerce,Sub_3,Chennai,Telangana,2005,Founder_725,IPO,Grant,2591583,8,Investor_241,Investor_355,12957915,795577,Yes,212,AI/ML,Product_6,59085,28.27,Yes,Acquirer_1,7/6/21,http://example.com/pitchdeck/23,27986,Competitor_52,5,1.17,71.39,4.82
c76101551,Startup_24,Retail,Sub_6,Hyderabad,Karnataka,2019,Founder_806,Series B,Debt,5198025,9,Investor_592,Investor_676,31188150,596022,Yes,203,AR/VR,Product_12,66548,48.31,Yes,Acquirer_88,6/11/22,http://example.com/pitchdeck/24,19749,Competitor_85,15,7.82,50.84,4.89
c6f6cfb6,Startup_25,Retail,Sub_5,Delhi,Karnataka,2013,Founder_563,Seed,Grant,5410171,1,Investor_101,Investor_342,43281368,2009825,No,146,Blockchain,Product_5,39678,49.01,No,,2/12/20,http://example.com/pitchdeck/25,90164,Competitor_53,2,6.58,66.49,8.21
85ec83da,Startup_26,TravelTech,Sub_6,Bangalore,Telangana,2022,Founder_519,Seed,Convertible Note,9869488,9,Investor_115,Investor_466,88825392,3943929,Yes,486,AI/ML,Product_11,39088,6.31,Yes,Acquirer_87,19/5/18,http://example.com/pitchdeck/26,79267,Competitor_26,15,5.85,24.42,2.8
e72fc606,Startup_27,E-Commerce,Sub_6,Delhi,Telangana,2020,Founder_951,Series D,Convertible Note,5179370,10,Investor_494,Investor_278,46614330,1628970,Yes,348,IoT,Product_22,22513,5.84,No,,15/4/19,http://example.com/pitchdeck/27,41377,Competitor_53,19,2.26,42.1,7.42
7934bd73,Startup_28,Retail,Sub_9,Delhi,Tamil Nadu,2022,Founder_791,Series B,Debt,2850763,3,Investor_867,Investor_833,5701526,2562647,Yes,389,Cloud Computing,Product_16,76768,47.13,No,,1/6/15,http://example.com/pitchdeck/28,16644,Competitor_51,14,2.21,79.83,9.05
f1e271be,Startup_29,TravelTech,Sub_7,Pune,Tamil Nadu,2016,Founder_604,Series C,Grant,3321309,5,Investor_784,Investor_268,23249163,4411403,Yes,237,IoT,Product_14,89509,7.89,No,,22/9/21,http://example.com/pitchdeck/29,41369,Competitor_94,3,3.25,22.85,2.88
0f7cd45b,Startup_30,TravelTech,Sub_7,Pune,Telangana,2008,Founder_120,Series B,Debt,5519204,3,Investor_514,Investor_190,55192040,1834308,No,313,Blockchain,Product_18,48926,37.98,Yes,Acquirer_137,13/4/24,http://example.com/pitchdeck/30,53460,Competitor_92,1,1.87,53.57,4.36
d4cb80f7,Startup_31,AI,Sub_10,Chennai,Maharashtra,2013,Founder_339,Series B,Convertible Note,279487,9,Investor_856,Investor_117,2794870,3280388,No,343,AI/ML,Product_14,48202,8.01,Yes,Acquirer_40,12/3/20,http://example.com/pitchdeck/31,50925,Competitor_32,10,5.2,57.09,4.42
fa47c3a6,Startup_32,AI,Sub_2,Pune,Maharashtra,2005,Founder_448,IPO,Equity,9776139,8,Investor_526,Investor_639,48880695,650405,No,326,Big Data,Product_3,10624,28.52,Yes,Acquirer_3,31/8/19,http://example.com/pitchdeck/32,53345,Competitor_23,8,7.66,62.79,8.67
ead69de2,Startup_33,FinTech,Sub_6,Delhi,Telangana,2022,Founder_902,IPO,Convertible Note,8815180,8,Investor_29,Investor_350,61706260,1695172,No,379,AI/ML,Product_20,66782,28.27,Yes,Acquirer_108,31/3/21,http://example.com/pitchdeck/33,89232,Competitor_77,20,9.27,59.71,5.87
026109f6,Startup_34,TravelTech,Sub_5,Mumbai,Telangana,2016,Founder_293,Seed,Equity,4620027,5,Investor_597,Investor_651,36960216,3754181,No,246,AI/ML,Product_4,60402,29.8,Yes,Acquirer_62,30/2/2019,http://example.com/pitchdeck/34,86779,Competitor_46,6,3.45,60.33,2.82
dd8b72a7,Startup_35,Gaming,Sub_10,Hyderabad,Delhi,2009,Founder_829,Seed,Equity,2489514,9,Investor_154,Investor_983,24895140,1861488,No,61,AI/ML,Product_25,76421,40.85,Yes,Acquirer_174,27/12/18,http://example.com/pitchdeck/35,33619,Competitor_32,1,7.12,79.9,3.93
2cd5a044,Startup_36,Retail,Sub_2,Bangalore,Uttar Pradesh,2009,Founder_335,IPO,Equity,2672820,5,Investor_149,Investor_707,16036920,529678,No,403,Big Data,Product_13,73405,38.16,Yes,Acquirer_139,7/12/24,http://example.com/pitchdeck/36,12511,Competitor_29,0,2.97,23.05,7.49
5b0eeb0b,Startup_37,TravelTech,Sub_6,Chennai,Telangana,2022,Founder_215,Series A,Equity,7799810,8,Investor_930,Investor_7,77998100,933846,Yes,118,Blockchain,Product_11,45079,41.93,Yes,Acquirer_192,27/5/23,http://example.com/pitchdeck/37,14453,Competitor_75,10,5.38,22.54,1.91
62b59235,Startup_38,E-Commerce,Sub_3,Hyderabad,Telangana,2012,Founder_563,Series D,Debt,6008524,3,Investor_853,Investor_870,60085240,3530688,No,483,Blockchain,Product_4,27636,21.09,Yes,Acquirer_62,13/10/19,http://example.com/pitchdeck/38,56669,Competitor_17,3,7.12,54.5,3.7
191c9d99,Startup_39,AI,Sub_4,Hyderabad,Uttar Pradesh,2005,Founder_252,Seed,Debt,3533975,1,Investor_725,Investor_119,24737825,3823394,No,465,IoT,Product_20,84464,46.65,Yes,Acquirer_81,9/12/20,http://example.com/pitchdeck/39,69699,Competitor_69,3,9.75,75.73,6.29
6418a06a,Startup_40,E-Commerce,Sub_1,Chennai,Delhi,2015,Founder_688,Series B,Grant,4416047,9,Investor_652,Investor_215,30912329,2493747,No,266,IoT,Product_9,17191,34.13,Yes,Acquirer_37,24/4/18,http://example.com/pitchdeck/40,68509,Competitor_75,14,5.56,74.51,7.47
c19b58b7,Startup_41,EdTech,Sub_10,Mumbai,Tamil Nadu,2019,Founder_801,IPO,Convertible Note,2240473,10,Investor_977,Investor_101,4480946,4677972,No,306,IoT,Product_19,41449,9.31,No,,4/11/17,http://example.com/pitchdeck/41,22218,Competitor_93,5,9.88,54.3,6.93
f8ac01d0,Startup_42,HealthTech,Sub_7,Bangalore,Uttar Pradesh,2019,Founder_963,Series A,Grant,7382225,4,Investor_255,Investor_4,51675575,814235,Yes,448,Big Data,Product_4,76393,20.52,No,,30/9/23,http://example.com/pitchdeck/42,89602,Competitor_73,6,2.04,62.47,4.48
ead53545,Startup_43,HealthTech,Sub_6,Bangalore,Delhi,2013,Founder_206,Series C,Grant,2277016,1,Investor_783,Investor_743,20493144,3321374,No,425,IoT,Product_18,89893,32.92,No,,17/9/22,http://example.com/pitchdeck/43,61179,Competitor_26,16,9.02,72.97,8.89
59ce236e,Startup_44,SaaS,Sub_7,Delhi,Telangana,2023,Founder_45,Series D,Convertible Note,1910311,1,Investor_11,Investor_578,11461866,2782220,No,185,Blockchain,Product_3,80160,31.83,No,,2/3/24,http://example.com/pitchdeck/44,38346,Competitor_9,6,8.82,34.32,1.15
51062c3d,Startup_45,E-Commerce,Sub_1,Bangalore,Uttar Pradesh,2015,Founder_990,IPO,Equity,4161214,2,Investor_461,Investor_204,24967284,4738666,Yes,319,Cloud Computing,Product_11,74934,29.21,No,,21/3/20,http://example.com/pitchdeck/45,11144,Competitor_85,12,3.74,78.95,8.88
0d9ea6c6,Startup_46,SaaS,Sub_10,Pune,Tamil Nadu,2019,Founder_755,Series C,Equity,640261,5,Investor_927,Investor_327,5122088,2601216,Yes,228,Cloud Computing,Product_11,92190,27.43,Yes,Acquirer_181,2/6/24,http://example.com/pitchdeck/46,58804,Competitor_82,17,6.44,47.39,5.71
20c52183,Startup_47,FinTech,Sub_8,Delhi,Tamil Nadu,2014,Founder_143,Series B,Debt,1486523,1,Investor_751,Investor_384,7432615,2221600,Yes,491,IoT,Product_4,85218,12.87,Yes,Acquirer_169,3/1/19,http://example.com/pitchdeck/47,59010,Competitor_26,20,6.28,38.21,2.16
31de1a49,Startup_48,AI,Sub_1,Pune,Maharashtra,2011,Founder_636,IPO,Convertible Note,3663558,8,Investor_276,Investor_466,10990674,801306,Yes,136,Blockchain,Product_21,35878,43.62,No,,28/10/19,http://example.com/pitchdeck/48,93890,Competitor_27,2,8.56,43.34,6.67
ac83efa6,Startup_49,Retail,Sub_4,Delhi,Uttar Pradesh,2023,Founder_859,Series D,Debt,5443446,1,Investor_571,Investor_639,10886892,3889695,Yes,372,AR/VR,Product_8,32352,32.77,No,,1/2/24,http://example.com/pitchdeck/49,74017,Competitor_41,0,9.58,33.99,1.49
bf9a6e7a,Startup_50,Retail,Sub_10,Mumbai,Maharashtra,2023,Founder_939,Seed,Grant,8778375,8,Investor_286,Investor_420,70227000,3143219,Yes,224,AR/VR,Product_16,14304,23.35,No,,29/11/22,http://example.com/pitchdeck/50,56629,Competitor_95,18,7.82,21.83,5.29
b9c59f89,Startup_51,HealthTech,Sub_1,Bangalore,Tamil Nadu,2017,Founder_525,Seed,Grant,8682196,10,Investor_393,Investor_949,86821960,2848836,Yes,218,AI/ML,Product_16,56915,24.42,Yes,Acquirer_117,23/4/19,http://example.com/pitchdeck/51,54803,Competitor_62,11,6.09,53.78,2.38
b07f42dd,Startup_52,TravelTech,Sub_6,Chennai,Karnataka,2014,Founder_873,Series D,Convertible Note,6210525,8,Investor_331,Investor_290,24842100,4833412,No,249,IoT,Product_25,63610,34.32,Yes,Acquirer_3,9/12/17,http://example.com/pitchdeck/52,62026,Competitor_42,1,1.65,57.78,2.2
9fb62b23,Startup_53,Gaming,Sub_4,Hyderabad,Delhi,2020,Founder_983,Series D,Equity,7566738,6,Investor_961,Investor_74,68100642,4113460,Yes,191,IoT,Product_19,22772,17,Yes,Acquirer_197,20/8/20,http://example.com/pitchdeck/53,17335,Competitor_82,10,5.4,60.88,1.22
3a75d0c1,Startup_54,EdTech,Sub_10,Pune,Delhi,2020,Founder_421,IPO,Equity,2106307,9,Investor_17,Investor_497,4212614,3037445,Yes,452,AI/ML,Product_20,80128,44.49,Yes,Acquirer_4,13/4/16,http://example.com/pitchdeck/54,29183,Competitor_91,13,9.27,58.05,5.42
904b3f6f,Startup_55,AgriTech,Sub_4,Mumbai,Telangana,2016,Founder_567,Seed,Debt,6255391,8,Investor_423,Investor_767,31276955,779862,No,274,Blockchain,Product_24,30535,31.43,Yes,Acquirer_199,23/12/15,http://example.com/pitchdeck/55,18249,Competitor_23,20,7.9,74.83,6.7
e7439d79,Startup_56,Retail,Sub_8,Delhi,Maharashtra,2018,Founder_313,Series A,Grant,1573035,7,Investor_951,Investor_545,15730350,2052057,No,59,IoT,Product_10,26234,30.17,No,,15/4/19,http://example.com/pitchdeck/56,64879,Competitor_72,3,6.69,63.08,1.81
523e0ff1,Startup_57,SaaS,Sub_7,Delhi,Maharashtra,2023,Founder_894,Series D,Equity,6622903,4,Investor_511,Investor_156,46360321,3366580,Yes,473,Big Data,Product_23,54575,29.4,No,,26/11/15,http://example.com/pitchdeck/57,60270,Competitor_48,6,8.4,34.06,2.88
774bf464,Startup_58,FinTech,Sub_1,Hyderabad,Karnataka,2006,Founder_228,IPO,Convertible Note,3432026,7,Investor_326,Investor_42,20592156,1915683,No,436,Blockchain,Product_21,57089,10.24,No,,1/8/15,http://example.com/pitchdeck/58,53231,Competitor_66,10,7.14,49.92,4.49
f7d2f555,Startup_59,AI,Sub_1,Hyderabad,Telangana,2021,Founder_193,Seed,Grant,868304,6,Investor_590,Investor_539,3473216,3558805,Yes,210,Big Data,Product_1,59554,46.17,No,,9/10/19,http://example.com/pitchdeck/59,36132,Competitor_1,13,9.02,71.15,9.31
a83a11d8,Startup_60,Gaming,Sub_1,Hyderabad,Karnataka,2019,Founder_444,Series B,Grant,921678,5,Investor_424,Investor_755,3686712,2050578,Yes,404,Blockchain,Product_6,71109,12.45,No,,26/6/22,http://example.com/pitchdeck/60,17069,Competitor_15,12,8.24,56.47,4.5
d77dd2f2,Startup_61,Retail,Sub_1,Bangalore,Tamil Nadu,2006,Founder_886,Series A,Equity,9765868,4,Investor_993,Investor_978,87892812,3828033,No,106,IoT,Product_3,79884,34.75,Yes,Acquirer_75,26/8/16,http://example.com/pitchdeck/61,36703,Competitor_23,1,5.52,34.54,1.84
a1d25a27,Startup_62,AI,Sub_3,Hyderabad,Maharashtra,2020,Founder_557,Series B,Equity,9442039,9,Investor_579,Investor_660,47210195,4566822,No,356,AI/ML,Product_19,88103,27.75,Yes,Acquirer_65,11/2/18,http://example.com/pitchdeck/62,23368,Competitor_16,15,7.45,60.25,9.88
73fb2cdd,Startup_63,EdTech,Sub_7,Pune,Karnataka,2011,Founder_683,Series A,Debt,3311653,7,Investor_232,Investor_296,19869918,4889906,Yes,435,Big Data,Product_13,42756,36.47,Yes,Acquirer_25,5/12/23,http://example.com/pitchdeck/63,21792,Competitor_99,11,9.83,59.8,4.28
c2218d24,Startup_64,TravelTech,Sub_8,Hyderabad,Uttar Pradesh,2005,Founder_777,Series C,Convertible Note,648361,5,Investor_146,Investor_475,5186888,956359,Yes,373,AI/ML,Product_1,12535,45.72,Yes,Acquirer_88,22/7/21,http://example.com/pitchdeck/64,72817,Competitor_70,4,7.59,20.96,4.86
1e6f7a79,Startup_65,FinTech,Sub_10,Mumbai,Delhi,2019,Founder_541,Series D,Equity,6528919,4,Investor_573,Investor_609,26115676,3094791,No,160,AI/ML,Product_3,96654,29.8,No,,30/7/23,http://example.com/pitchdeck/65,88466,Competitor_11,1,1.59,20.31,6.53
11a14331,Startup_66,AI,Sub_7,Bangalore,Uttar Pradesh,2010,Founder_208,IPO,Convertible Note,3240829,6,Investor_27,Investor_877,16204145,2205695,No,391,Blockchain,Product_16,34298,40.09,Yes,Acquirer_111,31/9/2023,http://example.com/pitchdeck/66,94315,Competitor_19,5,4.49,21.56,2.14
d9a81dda,Startup_67,FinTech,Sub_5,Bangalore,Delhi,2006,Founder_994,IPO,Convertible Note,4211846,1,Investor_946,Investor_515,25271076,838741,No,250,Blockchain,Product_11,78828,33.24,No,,22/6/23,http://example.com/pitchdeck/67,10250,Competitor_85,4,5.02,42.53,5.12
6.34E+234,Startup_68,Gaming,Sub_10,Pune,Tamil Nadu,2023,Founder_629,Series D,Equity,1859646,7,Investor_644,Investor_95,5578938,1701764,No,426,IoT,Product_7,37666,24,Yes,Acquirer_195,21/1/21,http://example.com/pitchdeck/68,25111,Competitor_22,8,3.66,42.68,6.95
dbb04714,Startup_69,AgriTech,Sub_9,Delhi,Uttar Pradesh,2022,Founder_526,Seed,Grant,6997681,1,Investor_500,Investor_565,69976810,4015965,No,376,Blockchain,Product_1,38530,44.63,Yes,Acquirer_175,27/5/21,http://example.com/pitchdeck/69,28484,Competitor_14,18,6.59,39.85,2.89
64405667,Startup_70,AgriTech,Sub_7,Bangalore,Tamil Nadu,2008,Founder_421,Series C,Grant,9936384,2,Investor_42,Investor_173,99363840,3884995,No,209,AR/VR,Product_1,22411,25.49,Yes,Acquirer_64,18/9/21,http://example.com/pitchdeck/70,21350,Competitor_1,6,8.44,75.42,8.72
d6c9797d,Startup_71,AI,Sub_9,Pune,Telangana,2016,Founder_485,IPO,Equity,6479752,8,Investor_755,Investor_133,58317768,3100749,No,91,Big Data,Product_19,19225,45.77,No,,30/8/22,http://example.com/pitchdeck/71,65167,Competitor_35,6,9.5,32.62,6.22
a5603bb9,Startup_72,SaaS,Sub_8,Delhi,Karnataka,2018,Founder_605,Series C,Debt,2689585,1,Investor_264,Investor_793,13447925,1572654,No,248,Blockchain,Product_5,72355,6,Yes,Acquirer_8,26/1/19,http://example.com/pitchdeck/72,97893,Competitor_50,13,1.17,73.54,4.51
81073263,Startup_73,SaaS,Sub_1,Pune,Maharashtra,2011,Founder_471,IPO,Debt,7088903,3,Investor_225,Investor_209,63800127,1495387,Yes,300,Big Data,Product_1,54918,33.26,No,,28/2/18,http://example.com/pitchdeck/73,94030,Competitor_50,9,7.17,44.35,9.14
c24f6b94,Startup_74,Retail,Sub_2,Pune,Karnataka,2005,Founder_11,Seed,Convertible Note,9979144,3,Investor_240,Investor_509,59874864,4143298,No,175,Cloud Computing,Product_15,92127,39.29,No,,1/5/24,http://example.com/pitchdeck/74,80382,Competitor_33,1,3.26,26,1.28
6231d0a5,Startup_75,HealthTech,Sub_8,Bangalore,Tamil Nadu,2019,Founder_149,Series D,Debt,4190639,3,Investor_49,Investor_713,29334473,2879210,No,482,Big Data,Product_25,84538,33.31,No,,21/4/21,http://example.com/pitchdeck/75,15043,Competitor_20,0,6,37.36,6.44
b6c7b7dd,Startup_76,AI,Sub_1,Pune,Delhi,2019,Founder_649,Series D,Grant,7554870,3,Investor_698,Investor_204,45329220,3963444,No,495,IoT,Product_3,66137,48.65,No,,30/10/20,http://example.com/pitchdeck/76,82289,Competitor_11,11,2.37,53.93,5.17
200d1204,Startup_77,HealthTech,Sub_5,Bangalore,Telangana,2005,Founder_540,Seed,Debt,5810920,5,Investor_330,Investor_649,17432760,2137939,No,264,Big Data,Product_12,15357,12,Yes,Acquirer_164,28/12/22,http://example.com/pitchdeck/77,46943,Competitor_50,3,9.3,32.02,5.14
ca99cbaf,Startup_78,EdTech,Sub_6,Bangalore,Tamil Nadu,2010,Founder_196,Series C,Convertible Note,828815,2,Investor_215,Investor_807,6630520,828915,Yes,396,AI/ML,Product_5,47923,15.63,No,,31/8/16,http://example.com/pitchdeck/78,64161,Competitor_18,13,5.86,72.58,6.76
bb7b4396,Startup_79,AgriTech,Sub_6,Hyderabad,Maharashtra,2016,Founder_794,Series A,Debt,4946572,4,Investor_647,Investor_163,19786288,2061115,No,92,Cloud Computing,Product_5,93820,21.54,No,,22/7/22,http://example.com/pitchdeck/79,94579,Competitor_59,9,7.7,32.9,3.89
a93290f3,Startup_80,Retail,Sub_8,Pune,Uttar Pradesh,2021,Founder_419,IPO,Convertible Note,3028458,5,Investor_564,Investor_132,30284580,3264395,Yes,82,Big Data,Product_10,50860,32.41,Yes,Acquirer_83,21/8/15,http://example.com/pitchdeck/80,97739,Competitor_44,15,9.05,22.29,2.72
0285f8ba,Startup_81,E-Commerce,Sub_8,Pune,Karnataka,2011,Founder_769,Seed,Debt,5735789,3,Investor_9,Investor_793,11471578,657165,No,174,IoT,Product_8,41425,14.39,No,,3/3/21,http://example.com/pitchdeck/81,58669,Competitor_90,9,2.21,78.27,2.63
351d3a30,Startup_82,Gaming,Sub_5,Mumbai,Uttar Pradesh,2007,Founder_20,Series C,Debt,6063155,7,Investor_185,Investor_922,54568395,1000643,Yes,243,AI/ML,Product_13,37177,7.8,No,,3/7/17,http://example.com/pitchdeck/82,78081,Competitor_16,18,6.49,32.78,5.58
da7211e7,Startup_83,SaaS,Sub_10,Pune,Uttar Pradesh,2017,Founder_998,Series A,Grant,4931662,10,Investor_634,Investor_161,24658310,1729626,Yes,151,Big Data,Product_22,97424,14.26,Yes,Acquirer_198,25/6/21,http://example.com/pitchdeck/83,58571,Competitor_52,9,9.27,77.97,5.73
568f4496,Startup_84,AgriTech,Sub_6,Pune,Maharashtra,2017,Founder_444,Seed,Debt,7514958,1,Investor_842,Investor_890,52604706,1833084,No,220,IoT,Product_22,58587,16.68,Yes,Acquirer_102,14/10/15,http://example.com/pitchdeck/84,68106,Competitor_60,17,3.59,59.85,8.24
0b98c5be,Startup_85,Retail,Sub_9,Chennai,Maharashtra,2012,Founder_379,IPO,Equity,5330163,6,Investor_417,Investor_673,26650815,4215862,No,128,AR/VR,Product_13,79800,16.33,No,,28/9/16,http://example.com/pitchdeck/85,50014,Competitor_41,5,1.84,49.39,8.06
ed99c228,Startup_86,E-Commerce,Sub_5,Bangalore,Telangana,2011,Founder_907,Series B,Convertible Note,1225085,6,Investor_611,Investor_375,11025765,4544221,Yes,202,Cloud Computing,Product_11,52940,41.93,Yes,Acquirer_37,15/7/19,http://example.com/pitchdeck/86,54716,Competitor_100,13,8.09,35.44,1.88
5d4bf239,Startup_87,TravelTech,Sub_7,Mumbai,Telangana,2010,Founder_199,Seed,Equity,2935467,4,Investor_147,Investor_18,8806401,1015213,No,274,IoT,Product_16,75126,10.72,Yes,Acquirer_160,10/7/22,http://example.com/pitchdeck/87,30488,Competitor_85,14,9.2,44.79,1.99
f9f65e90,Startup_88,FinTech,Sub_4,Hyderabad,Uttar Pradesh,2009,Founder_852,Series A,Convertible Note,2675625,2,Investor_431,Investor_657,18729375,4416687,Yes,128,Cloud Computing,Product_11,22030,17.25,No,,31/10/17,http://example.com/pitchdeck/88,69242,Competitor_60,12,8.06,77.77,8.46
6ab2135f,Startup_89,FinTech,Sub_4,Hyderabad,Maharashtra,2008,Founder_910,Seed,Convertible Note,4485989,10,Investor_909,Investor_28,26915934,3985604,Yes,264,Cloud Computing,Product_21,75381,18.45,No,,14/9/24,http://example.com/pitchdeck/89,42070,Competitor_52,15,4.71,66.83,1.02
6513c88e,Startup_90,Gaming,Sub_4,Chennai,Karnataka,2013,Founder_192,Series D,Equity,1930461,8,Investor_922,Investor_774,5791383,2531017,Yes,157,Cloud Computing,Product_23,79219,40.77,Yes,Acquirer_18,16/2/23,http://example.com/pitchdeck/90,40003,Competitor_75,0,3.33,64.89,9.17
71185121,Startup_91,FinTech,Sub_5,Hyderabad,Uttar Pradesh,2019,Founder_450,IPO,Convertible Note,8628096,5,Investor_163,Investor_910,34512384,3223921,No,285,AR/VR,Product_20,48803,24.23,No,,27/3/21,http://example.com/pitchdeck/91,31865,Competitor_29,12,7.73,41.18,8.98
d51d3a46,Startup_92,AI,Sub_3,Hyderabad,Tamil Nadu,2006,Founder_543,IPO,Convertible Note,2504724,1,Investor_58,Investor_430,12523620,2112773,Yes,302,AR/VR,Product_16,60556,22.86,No,,2/11/23,http://example.com/pitchdeck/92,27453,Competitor_12,13,8.1,23.16,9.97
5ec346dd,Startup_93,FinTech,Sub_10,Chennai,Delhi,2016,Founder_566,IPO,Debt,8583891,7,Investor_816,Investor_63,77255019,4450081,Yes,181,Big Data,Product_5,26790,40.26,No,,17/4/19,http://example.com/pitchdeck/93,77632,Competitor_17,9,2.34,69.62,7.47
ccde691b,Startup_94,FinTech,Sub_10,Mumbai,Karnataka,2009,Founder_4,Series A,Equity,3628957,4,Investor_411,Investor_541,32660613,2102514,Yes,55,AI/ML,Product_18,37372,9.34,No,,10/11/22,http://example.com/pitchdeck/94,13506,Competitor_79,12,2.36,25.75,6.59
c0599fae,Startup_95,AgriTech,Sub_5,Chennai,Delhi,2023,Founder_621,Series A,Grant,2841063,10,Investor_145,Investor_361,19887441,2567210,No,486,AI/ML,Product_18,90440,22.47,No,,1/4/23,http://example.com/pitchdeck/95,18503,Competitor_47,17,1.65,29.18,7.67
7ba2523f,Startup_96,AI,Sub_1,Pune,Karnataka,2015,Founder_661,Series C,Equity,5737185,9,Investor_613,Investor_89,22948740,2806429,No,227,AI/ML,Product_6,28260,28.75,Yes,Acquirer_70,26/12/15,http://example.com/pitchdeck/96,46083,Competitor_6,1,1.45,37.86,9.97
eee67536,Startup_97,AI,Sub_7,Pune,Delhi,2016,Founder_116,Series C,Convertible Note,4691826,4,Investor_412,Investor_571,18767304,3534133,No,58,Blockchain,Product_8,26541,12.12,No,,10/10/19,http://example.com/pitchdeck/97,48409,Competitor_68,19,3.38,30.83,1.32
f81df557,Startup_98,FinTech,Sub_9,Mumbai,Maharashtra,2005,Founder_914,IPO,Debt,7864989,6,Investor_388,Investor_718,39324945,1605957,No,255,AR/VR,Product_24,61373,34.99,No,,7/1/19,http://example.com/pitchdeck/98,44863,Competitor_70,11,1.3,33.68,7.92
c285e96f,Startup_99,FinTech,Sub_2,Chennai,Uttar Pradesh,2009,Founder_104,Series B,Equity,458470,2,Investor_156,Investor_231,3209290,777640,No,433,Cloud Computing,Product_22,49063,40.86,Yes,Acquirer_2,4/8/16,http://example.com/pitchdeck/99,68026,Competitor_6,17,5.93,71.47,1.96
5.60E+98,Startup_100,Gaming,Sub_1,Pune,Delhi,2012,Founder_459,IPO,Debt,472910,6,Investor_823,Investor_580,2837460,2551808,No,269,Big Data,Product_25,13179,34.99,No,,19/10/22,http://example.com/pitchdeck/100,44620,Competitor_45,11,3.32,48.43,3.77
af143515,Startup_101,SaaS,Sub_6,Bangalore,Uttar Pradesh,2020,Founder_891,Series A,Debt,4548796,8,Investor_822,Investor_839,36390368,3154991,No,447,Blockchain,Product_5,13605,16.91,No,,2/2/15,http://example.com/pitchdeck/101,74675,Competitor_53,15,2.33,41.72,4.33
64fc699f,Startup_102,AI,Sub_4,Delhi,Uttar Pradesh,2019,Founder_544,Series B,Convertible Note,4561229,10,Investor_894,Investor_135,36489832,4689924,No,388,AI/ML,Product_11,24950,46.73,No,,1/9/17,http://example.com/pitchdeck/102,90961,Competitor_75,17,3.84,73.11,6.53
f2cc006d,Startup_103,E-Commerce,Sub_3,Hyderabad,Uttar Pradesh,2015,Founder_968,Series D,Debt,3316372,1,Investor_413,Investor_3,23214604,3805152,Yes,463,AI/ML,Product_8,28332,46.98,No,,17/6/23,http://example.com/pitchdeck/103,74116,Competitor_3,20,8.3,57.84,6.71
b897835b,Startup_104,SaaS,Sub_9,Hyderabad,Uttar Pradesh,2013,Founder_148,Series A,Debt,4119568,1,Investor_54,Investor_589,20597840,2823504,Yes,115,IoT,Product_5,40102,15.03,Yes,Acquirer_46,22/4/22,http://example.com/pitchdeck/104,50341,Competitor_96,5,9.58,42.18,9.71
a2fbc128,Startup_105,Retail,Sub_6,Pune,Delhi,2019,Founder_353,Series A,Grant,3290813,7,Investor_498,Investor_312,32908130,874981,No,328,Blockchain,Product_24,43116,16.23,No,,20/12/19,http://example.com/pitchdeck/105,63299,Competitor_57,19,5.26,57.66,3.62
f9867ff9,Startup_106,AgriTech,Sub_1,Bangalore,Telangana,2008,Founder_552,IPO,Equity,4248288,2,Investor_850,Investor_472,38234592,4402144,Yes,372,IoT,Product_15,37665,31.07,No,,31/5/19,http://example.com/pitchdeck/106,79346,Competitor_47,8,9.43,28.41,3.39
ac21037e,Startup_107,AI,Sub_2,Delhi,Uttar Pradesh,2020,Founder_108,Series B,Equity,9398666,8,Investor_133,Investor_557,56391996,880084,No,100,AR/VR,Product_13,77574,19,Yes,Acquirer_101,3/7/15,http://example.com/pitchdeck/107,18118,Competitor_24,14,5.5,75.97,8.57
53057357,Startup_108,AI,Sub_8,Pune,Tamil Nadu,2009,Founder_533,Series A,Convertible Note,9653627,8,Investor_829,Investor_149,57921762,3816547,Yes,88,AR/VR,Product_24,79519,29.53,Yes,Acquirer_89,15/5/20,http://example.com/pitchdeck/108,17691,Competitor_80,15,5.55,73.32,2.15
087be431,Startup_109,EdTech,Sub_5,Bangalore,Telangana,2022,Founder_299,Series A,Convertible Note,3931315,10,Investor_427,Investor_91,19656575,1655027,No,152,AI/ML,Product_12,60193,13.92,Yes,Acquirer_92,22/10/24,http://example.com/pitchdeck/109,52951,Competitor_12,5,5.95,45.76,5.9
8ea3d0a4,Startup_110,HealthTech,Sub_4,Hyderabad,Uttar Pradesh,2016,Founder_989,Series B,Equity,1334991,3,Investor_927,Investor_203,13349910,2558484,No,176,Big Data,Product_25,25922,5.74,No,,11/6/20,http://example.com/pitchdeck/110,44662,Competitor_57,16,6.93,67.48,1.93
1e20d669,Startup_111,SaaS,Sub_9,Delhi,Telangana,2021,Founder_745,Series D,Grant,8571336,8,Investor_208,Investor_406,34285344,2251798,No,435,IoT,Product_6,66759,18.95,No,,2/1/19,http://example.com/pitchdeck/111,67727,Competitor_92,14,3.28,22.35,4.02
3609a527,Startup_112,AgriTech,Sub_3,Pune,Uttar Pradesh,2008,Founder_463,Series A,Debt,2167517,1,Investor_802,Investor_749,10837585,1313393,Yes,478,AI/ML,Product_14,78758,37.72,Yes,Acquirer_25,30/3/24,http://example.com/pitchdeck/112,98777,Competitor_31,11,7.81,20.16,7.29
4edd926a,Startup_113,Retail,Sub_10,Chennai,Maharashtra,2011,Founder_434,IPO,Equity,2188707,2,Investor_875,Investor_966,13132242,4189271,Yes,158,AR/VR,Product_19,57386,29.36,No,,28/10/17,http://example.com/pitchdeck/113,96309,Competitor_5,1,3.98,76.83,5.91
5b201197,Startup_114,E-Commerce,Sub_1,Pune,Tamil Nadu,2006,Founder_926,IPO,Debt,9886462,9,Investor_745,Investor_979,88978158,2496944,Yes,180,Big Data,Product_3,41514,18.16,No,,4/1/22,http://example.com/pitchdeck/114,32064,Competitor_95,13,1.65,57.16,1.69
5c5e5f99,Startup_115,TravelTech,Sub_5,Chennai,Delhi,2020,Founder_584,Series D,Debt,153288,1,Investor_513,Investor_896,766440,1203965,No,164,AR/VR,Product_14,13050,19.2,No,,18/7/18,http://example.com/pitchdeck/115,12832,Competitor_85,8,3.34,38.92,5.42
81c3a5a5,Startup_116,FinTech,Sub_2,Mumbai,Tamil Nadu,2011,Founder_622,Series D,Debt,2944210,7,Investor_563,Investor_542,11776840,1825313,No,210,AR/VR,Product_7,73260,16.84,No,,14/3/22,http://example.com/pitchdeck/116,76984,Competitor_36,7,8.8,22.25,9.3
871f3f8c,Startup_117,E-Commerce,Sub_10,Hyderabad,Maharashtra,2023,Founder_987,Series C,Convertible Note,9444055,5,Investor_752,Investor_530,47220275,3826793,Yes,494,AR/VR,Product_16,93931,8.32,No,,19/5/18,http://example.com/pitchdeck/117,58280,Competitor_3,14,7.16,58.16,5.58
df21c746,Startup_118,Retail,Sub_5,Hyderabad,Tamil Nadu,2007,Founder_596,Series A,Grant,7252109,2,Investor_387,Investor_243,65268981,835944,No,293,Blockchain,Product_10,80542,39.75,Yes,Acquirer_19,31/2/2022,http://example.com/pitchdeck/118,28354,Competitor_8,3,5.69,50.08,3.41
f6ccef60,Startup_119,EdTech,Sub_10,Bangalore,Delhi,2005,Founder_342,Series D,Equity,3766734,3,Investor_571,Investor_394,37667340,762770,Yes,437,AR/VR,Product_17,36683,34.36,Yes,Acquirer_197,3/11/20,http://example.com/pitchdeck/119,64850,Competitor_69,13,1.17,31.87,1.67
e7820c6d,Startup_120,SaaS,Sub_2,Bangalore,Tamil Nadu,2019,Founder_754,Series C,Debt,2952243,8,Investor_937,Investor_373,8856729,2665020,Yes,183,Big Data,Product_3,35390,37.43,Yes,Acquirer_40,13/6/20,http://example.com/pitchdeck/120,61661,Competitor_64,12,8.45,23.08,5.12
ccfa2758,Startup_121,Retail,Sub_3,Hyderabad,Maharashtra,2005,Founder_851,Series D,Grant,6456176,6,Investor_869,Investor_482,32280880,3849093,Yes,75,Blockchain,Product_19,97635,20.99,No,,14/2/20,http://example.com/pitchdeck/121,68892,Competitor_63,1,6.47,50.83,3.01
bab3990d,Startup_122,Retail,Sub_1,Bangalore,Maharashtra,2010,Founder_556,IPO,Equity,9557186,5,Investor_850,Investor_866,66900302,1487653,No,314,AR/VR,Product_11,54857,18.12,No,,5/9/20,http://example.com/pitchdeck/122,65990,Competitor_40,10,8.1,66.6,7.31
aaa13831,Startup_123,HealthTech,Sub_3,Bangalore,Delhi,2006,Founder_855,IPO,Convertible Note,8838647,10,Investor_271,Investor_431,70709176,1207541,Yes,201,Blockchain,Product_17,34798,36.07,No,,17/3/19,http://example.com/pitchdeck/123,23553,Competitor_33,6,8.61,27.96,4.39
915c9a9e,Startup_124,Retail,Sub_2,Mumbai,Karnataka,2022,Founder_114,Series B,Convertible Note,5752689,9,Investor_949,Investor_570,28763445,629279,Yes,206,Blockchain,Product_18,34993,8.19,Yes,Acquirer_52,14/2/17,http://example.com/pitchdeck/124,39169,Competitor_34,18,5.61,36.71,4.86
b7e87b4d,Startup_125,EdTech,Sub_1,Chennai,Maharashtra,2013,Founder_801,Series A,Convertible Note,3329254,9,Investor_21,Investor_174,9987762,3555339,No,163,Cloud Computing,Product_13,19442,47.67,Yes,Acquirer_27,7/5/16,http://example.com/pitchdeck/125,66316,Competitor_39,9,7.72,23.53,1.67
58f14fb9,Startup_126,AgriTech,Sub_2,Pune,Maharashtra,2009,Founder_409,Seed,Equity,6470224,7,Investor_348,Investor_254,58232016,2682102,No,238,AI/ML,Product_5,79309,25.63,Yes,Acquirer_148,13/7/15,http://example.com/pitchdeck/126,74777,Competitor_20,2,2.47,63.95,7.41
93ea189e,Startup_127,AgriTech,Sub_1,Hyderabad,Delhi,2009,Founder_997,IPO,Debt,7190389,1,Investor_735,Investor_720,14380778,657772,Yes,402,AR/VR,Product_25,20450,17.32,Yes,Acquirer_35,24/7/22,http://example.com/pitchdeck/127,95939,Competitor_73,7,9.2,31.59,3.11
15bd2b64,Startup_128,SaaS,Sub_9,Delhi,Maharashtra,2008,Founder_652,Series C,Grant,7553150,1,Investor_472,Investor_903,52872050,2608578,Yes,330,Cloud Computing,Product_17,58169,47.74,Yes,Acquirer_13,27/8/17,http://example.com/pitchdeck/128,44687,Competitor_78,12,2.31,48.18,9.78
e16e1bf1,Startup_129,AgriTech,Sub_4,Bangalore,Uttar Pradesh,2014,Founder_848,Series D,Equity,973013,5,Investor_418,Investor_316,5838078,3877205,Yes,455,IoT,Product_16,41133,23.85,No,,28/11/24,http://example.com/pitchdeck/129,19003,Competitor_24,20,5.03,31.39,8.84
b5baa95c,Startup_130,FinTech,Sub_2,Bangalore,Karnataka,2017,Founder_82,Series C,Grant,2537508,7,Investor_897,Investor_757,15225048,4537815,Yes,195,Blockchain,Product_13,46602,28.08,Yes,Acquirer_47,15/9/22,http://example.com/pitchdeck/130,88788,Competitor_50,8,2.57,59.45,9.76
1f38c5e3,Startup_131,HealthTech,Sub_10,Mumbai,Delhi,2007,Founder_394,Series D,Debt,9178509,4,Investor_913,Investor_975,27535527,857853,No,174,Big Data,Product_18,59662,30.22,No,,24/9/21,http://example.com/pitchdeck/131,50370,Competitor_59,6,2.59,44.73,9.01
659ba3b9,Startup_132,E-Commerce,Sub_1,Pune,Karnataka,2022,Founder_618,Series A,Equity,4325845,6,Investor_562,Investor_394,12977535,4748019,Yes,58,AR/VR,Product_6,79558,20.1,Yes,Acquirer_144,21/4/22,http://example.com/pitchdeck/132,49509,Competitor_16,13,4.19,73.93,9.95
bdf18039,Startup_133,Gaming,Sub_5,Mumbai,Maharashtra,2010,Founder_428,Series C,Grant,660880,8,Investor_411,Investor_500,1321760,2815160,Yes,77,AR/VR,Product_6,68196,10.52,No,,9/8/21,http://example.com/pitchdeck/133,35831,Competitor_72,2,5.27,62.09,1.42
94f49cd2,Startup_134,TravelTech,Sub_9,Chennai,Maharashtra,2011,Founder_655,Series B,Grant,2523045,10,Investor_595,Investor_621,17661315,2515496,No,391,AI/ML,Product_3,33731,11.73,No,,13/4/22,http://example.com/pitchdeck/134,40997,Competitor_60,8,7.13,24.19,6.58
a1ce9ce1,Startup_135,AI,Sub_10,Mumbai,Maharashtra,2020,Founder_890,Series B,Debt,4128811,8,Investor_559,Investor_315,8257622,654412,No,481,AI/ML,Product_20,85516,42.56,Yes,Acquirer_142,29/8/15,http://example.com/pitchdeck/135,24993,Competitor_19,14,8.72,78.53,8.62
aface915,Startup_136,TravelTech,Sub_7,Chennai,Tamil Nadu,2018,Founder_53,IPO,Convertible Note,1923936,6,Investor_712,Investor_523,3847872,2150493,Yes,436,Blockchain,Product_19,12753,25.64,No,,29/2/2022,http://example.com/pitchdeck/136,16917,Competitor_30,1,1.95,70.49,2.16
5f2f70f1,Startup_137,AI,Sub_2,Bangalore,Karnataka,2012,Founder_53,IPO,Convertible Note,7886438,8,Investor_703,Investor_865,47318628,952738,Yes,261,IoT,Product_14,90752,47.6,No,,12/4/16,http://example.com/pitchdeck/137,99066,Competitor_72,6,6.33,51.24,9.49
225e54f1,Startup_138,FinTech,Sub_6,Delhi,Uttar Pradesh,2023,Founder_654,Series D,Equity,4783522,2,Investor_997,Investor_551,47835220,2828485,No,168,Big Data,Product_15,39393,7.81,No,,20/3/18,http://example.com/pitchdeck/138,63817,Competitor_92,19,6.38,38.49,7
8a40104b,Startup_139,EdTech,Sub_6,Pune,Tamil Nadu,2021,Founder_889,Series D,Grant,4421921,9,Investor_441,Investor_770,8843842,1838421,Yes,71,Blockchain,Product_3,37123,38.11,No,,15/1/18,http://example.com/pitchdeck/139,71742,Competitor_48,18,4.45,78.88,7.54
0243fce1,Startup_140,E-Commerce,Sub_3,Pune,Tamil Nadu,2010,Founder_639,IPO,Grant,3842257,8,Investor_961,Investor_395,38422570,1796320,No,422,AI/ML,Product_14,59359,43.39,No,,15/6/19,http://example.com/pitchdeck/140,44134,Competitor_22,19,7.15,51.31,4.03
b14fa738,Startup_141,E-Commerce,Sub_3,Bangalore,Uttar Pradesh,2023,Founder_823,Series C,Convertible Note,8557066,1,Investor_770,Investor_933,85570660,768990,Yes,281,Big Data,Product_21,62151,9.35,Yes,Acquirer_115,6/8/19,http://example.com/pitchdeck/141,84375,Competitor_1,18,6.19,67.03,9.16
6cb60b08,Startup_142,EdTech,Sub_7,Bangalore,Maharashtra,2011,Founder_950,Series D,Equity,6718877,7,Investor_26,Investor_622,33594385,1982355,Yes,494,Cloud Computing,Product_16,42586,43.86,No,,26/2/18,http://example.com/pitchdeck/142,23074,Competitor_47,6,2.42,44.39,8.99
84b0e5f2,Startup_143,AgriTech,Sub_2,Bangalore,Tamil Nadu,2015,Founder_798,Seed,Grant,2543072,8,Investor_906,Investor_236,22887648,4188043,Yes,81,AI/ML,Product_17,31662,49,No,,23/4/23,http://example.com/pitchdeck/143,28214,Competitor_16,19,1.65,24.04,7.35
a6548955,Startup_144,AgriTech,Sub_10,Pune,Tamil Nadu,2023,Founder_745,Series B,Convertible Note,9950408,6,Investor_255,Investor_182,79603264,2266877,Yes,102,Blockchain,Product_6,58177,15.98,No,,11/5/17,http://example.com/pitchdeck/144,23602,Competitor_13,3,1.39,35.38,6.84
855bdbf2,Startup_145,Retail,Sub_9,Bangalore,Karnataka,2013,Founder_343,IPO,Convertible Note,4885824,3,Investor_103,Investor_103,29314944,4779860,No,444,Big Data,Product_10,36295,39.37,Yes,Acquirer_75,5/7/16,http://example.com/pitchdeck/145,51386,Competitor_17,0,2.35,68.84,6.19
d13bc991,Startup_146,Retail,Sub_9,Delhi,Telangana,2016,Founder_992,Seed,Convertible Note,7221520,1,Investor_183,Investor_438,64993680,4594294,Yes,408,AR/VR,Product_25,80893,43.01,Yes,Acquirer_59,1/5/19,http://example.com/pitchdeck/146,45521,Competitor_21,16,5.42,39,8.03
cc7e1fea,Startup_147,FinTech,Sub_7,Bangalore,Delhi,2005,Founder_153,Series D,Equity,4249146,3,Investor_235,Investor_566,16996584,3238113,No,317,AI/ML,Product_4,66913,38.74,No,,29/6/18,http://example.com/pitchdeck/147,86024,Competitor_30,17,2.14,77.55,7.59
22c74c6a,Startup_148,FinTech,Sub_3,Pune,Karnataka,2016,Founder_564,Series C,Equity,4159745,1,Investor_613,Investor_623,33277960,2957049,Yes,359,AI/ML,Product_4,86416,22.83,Yes,Acquirer_139,26/2/18,http://example.com/pitchdeck/148,53558,Competitor_9,6,4.51,50.9,2.86
4624a0e2,Startup_149,TravelTech,Sub_1,Pune,Delhi,2020,Founder_83,Series B,Grant,4568286,4,Investor_27,Investor_165,18273144,831099,No,371,Cloud Computing,Product_2,16982,30.59,No,,14/12/18,http://example.com/pitchdeck/149,23686,Competitor_30,16,3.91,32.15,5.68
8365aa10,Startup_150,AI,Sub_3,Pune,Karnataka,2013,Founder_223,Series B,Convertible Note,8716699,2,Investor_695,Investor_236,78450291,2395367,No,364,AI/ML,Product_15,99487,38.84,Yes,Acquirer_26,26/6/18,http://example.com/pitchdeck/150,96813,Competitor_60,12,9.39,45.49,7.01
cb31f1ef,Startup_151,FinTech,Sub_8,Hyderabad,Karnataka,2020,Founder_475,Seed,Grant,2192515,4,Investor_220,Investor_432,4385030,2295905,Yes,269,AI/ML,Product_6,39282,14.74,Yes,Acquirer_118,17/5/23,http://example.com/pitchdeck/151,32751,Competitor_85,17,2.17,58.06,9.75
f95166de,Startup_152,HealthTech,Sub_1,Hyderabad,Karnataka,2012,Founder_249,Series B,Debt,2197974,9,Investor_131,Investor_343,17583792,3845853,No,220,AR/VR,Product_15,72451,43.9,No,,16/11/17,http://example.com/pitchdeck/152,81836,Competitor_75,1,3.61,72.03,8.7
8144a8b0,Startup_153,HealthTech,Sub_9,Pune,Maharashtra,2009,Founder_275,Series B,Grant,618940,10,Investor_325,Investor_739,6189400,4670054,No,294,AR/VR,Product_7,68179,49.51,No,,17/5/20,http://example.com/pitchdeck/153,78440,Competitor_14,15,9.79,58.37,3.27
3e6308fa,Startup_154,AI,Sub_10,Hyderabad,Karnataka,2006,Founder_374,Seed,Grant,9285489,1,Investor_584,Investor_778,46427445,1736099,No,175,IoT,Product_19,74192,32.11,No,,5/5/23,http://example.com/pitchdeck/154,74954,Competitor_29,5,4.04,20,8.71
466d4cf3,Startup_155,AgriTech,Sub_2,Bangalore,Karnataka,2014,Founder_119,Seed,Equity,1104739,8,Investor_468,Investor_832,8837912,4892353,Yes,411,Big Data,Product_4,61833,43.86,Yes,Acquirer_141,31/5/15,http://example.com/pitchdeck/155,66955,Competitor_22,7,5.21,25.41,5.89
ce70ad79,Startup_156,SaaS,Sub_3,Bangalore,Uttar Pradesh,2019,Founder_988,Seed,Equity,103148,2,Investor_386,Investor_105,825184,2926188,No,374,AR/VR,Product_11,25913,46.94,Yes,Acquirer_117,3/7/20,http://example.com/pitchdeck/156,49229,Competitor_23,2,7.1,74.92,1.34
e9bdc8d5,Startup_157,AI,Sub_7,Delhi,Maharashtra,2007,Founder_108,Series C,Convertible Note,6223644,4,Investor_365,Investor_811,49789152,880901,No,470,Blockchain,Product_17,32710,49.98,No,,18/4/22,http://example.com/pitchdeck/157,89237,Competitor_21,4,6.9,39.31,9.6
beca60f8,Startup_158,HealthTech,Sub_6,Bangalore,Telangana,2008,Founder_236,Series D,Debt,4896593,1,Investor_420,Investor_795,14689779,2274522,Yes,282,Blockchain,Product_24,55310,15.13,Yes,Acquirer_194,1/12/21,http://example.com/pitchdeck/158,74316,Competitor_39,2,8.84,58,8.73
d08d5bf1,Startup_159,Gaming,Sub_10,Delhi,Karnataka,2010,Founder_429,Series A,Grant,9913885,10,Investor_411,Investor_850,89224965,2427123,No,240,Big Data,Product_23,84513,33.17,Yes,Acquirer_32,6/5/21,http://example.com/pitchdeck/159,80606,Competitor_70,12,5.97,46.33,9.87
dcfa8cb7,Startup_160,AI,Sub_1,Hyderabad,Uttar Pradesh,2023,Founder_999,Series B,Grant,7557024,4,Investor_373,Investor_875,75570240,4182649,No,197,Blockchain,Product_3,80867,43.4,No,,29/1/17,http://example.com/pitchdeck/160,85094,Competitor_65,5,1.39,22.67,2.73
31837f73,Startup_161,HealthTech,Sub_9,Hyderabad,Delhi,2011,Founder_468,Series A,Grant,254376,7,Investor_689,Investor_217,2543760,2544540,Yes,353,AR/VR,Product_3,96356,22,Yes,Acquirer_147,11/1/21,http://example.com/pitchdeck/161,59015,Competitor_64,17,2.82,56.78,8.43
17da45d7,Startup_162,AgriTech,Sub_1,Bangalore,Tamil Nadu,2009,Founder_238,IPO,Grant,4825897,8,Investor_484,Investor_12,43433073,4393417,No,245,Cloud Computing,Product_25,10881,22.85,Yes,Acquirer_185,14/5/24,http://example.com/pitchdeck/162,32143,Competitor_66,9,3.31,37.88,8.82
a52c0f11,Startup_163,Gaming,Sub_3,Bangalore,Tamil Nadu,2007,Founder_931,Series D,Debt,3371615,6,Investor_685,Investor_267,10114845,1007523,Yes,248,Cloud Computing,Product_8,28514,37.44,Yes,Acquirer_186,24/2/24,http://example.com/pitchdeck/163,36091,Competitor_79,9,7.39,48.46,2.23
a6462f6e,Startup_164,AgriTech,Sub_4,Bangalore,Maharashtra,2015,Founder_507,Series A,Convertible Note,4774011,1,Investor_709,Investor_592,19096044,4293755,Yes,65,AR/VR,Product_10,83626,42.21,No,,11/10/24,http://example.com/pitchdeck/164,34102,Competitor_65,18,8.38,33.41,8.55
ea7423aa,Startup_165,E-Commerce,Sub_4,Hyderabad,Karnataka,2006,Founder_551,Series A,Equity,1809986,5,Investor_376,Investor_651,10859916,923910,No,181,IoT,Product_8,73742,24.19,No,,28/5/22,http://example.com/pitchdeck/165,48484,Competitor_76,15,9.13,59.61,7.1
68b0cf77,Startup_166,Gaming,Sub_3,Hyderabad,Uttar Pradesh,2010,Founder_262,Series A,Convertible Note,6107104,10,Investor_811,Investor_492,18321312,2825250,No,66,Cloud Computing,Product_4,25488,11.96,Yes,Acquirer_196,2/3/22,http://example.com/pitchdeck/166,57451,Competitor_89,13,4.35,23.12,8.82
5d9a704b,Startup_167,EdTech,Sub_9,Chennai,Telangana,2006,Founder_279,Series B,Convertible Note,6639268,5,Investor_185,Investor_863,13278536,4145576,Yes,467,AR/VR,Product_2,13103,28.01,No,,15/10/19,http://example.com/pitchdeck/167,44442,Competitor_35,12,4.54,59.08,2.78
d57fddf6,Startup_168,Gaming,Sub_10,Hyderabad,Karnataka,2014,Founder_784,Series A,Equity,4683378,2,Investor_966,Investor_458,28100268,2805143,Yes,88,Cloud Computing,Product_23,61065,28.95,Yes,Acquirer_142,11/7/22,http://example.com/pitchdeck/168,74057,Competitor_77,2,5.47,52.92,3.54
8ba58b92,Startup_169,AgriTech,Sub_9,Chennai,Maharashtra,2019,Founder_815,Series C,Convertible Note,4528680,8,Investor_238,Investor_783,13586040,2240556,No,493,Blockchain,Product_14,30543,36.04,Yes,Acquirer_144,10/2/21,http://example.com/pitchdeck/169,71470,Competitor_90,9,8.01,71.07,8.72
2e56594f,Startup_170,AI,Sub_10,Hyderabad,Maharashtra,2023,Founder_134,Series C,Equity,3371555,6,Investor_596,Investor_650,6743110,1618076,No,246,AI/ML,Product_2,56684,37.48,Yes,Acquirer_159,13/12/24,http://example.com/pitchdeck/170,90452,Competitor_69,16,8.75,55.35,9.31
f13d5a98,Startup_171,HealthTech,Sub_7,Chennai,Karnataka,2010,Founder_37,Series A,Debt,2388688,4,Investor_679,Investor_774,4777376,3973845,Yes,397,IoT,Product_11,70502,18.52,Yes,Acquirer_125,23/11/20,http://example.com/pitchdeck/171,71375,Competitor_66,2,5.96,39.97,7.72
bd2bedb1,Startup_172,HealthTech,Sub_2,Pune,Uttar Pradesh,2020,Founder_479,Series A,Grant,4473493,1,Investor_589,Investor_666,40261437,1551860,No,439,Cloud Computing,Product_18,65075,48.56,No,,28/9/17,http://example.com/pitchdeck/172,20989,Competitor_58,5,4.94,71.78,9.52
2dc3e7c8,Startup_173,AgriTech,Sub_2,Bangalore,Tamil Nadu,2005,Founder_382,Series D,Grant,9624079,2,Investor_210,Investor_167,86616711,524356,No,472,Cloud Computing,Product_21,36715,25.41,No,,15/3/18,http://example.com/pitchdeck/173,51203,Competitor_100,3,9.43,61.36,2.37
27e400ec,Startup_174,Gaming,Sub_8,Hyderabad,Karnataka,2013,Founder_619,Series D,Debt,2973613,2,Investor_302,Investor_2,8920839,2169330,No,482,IoT,Product_17,72980,33.17,Yes,Acquirer_17,15/8/24,http://example.com/pitchdeck/174,49196,Competitor_4,18,5.66,71.35,3.89
91933345,Startup_175,AgriTech,Sub_7,Chennai,Tamil Nadu,2020,Founder_717,IPO,Convertible Note,2263733,4,Investor_370,Investor_596,18109864,2990048,No,497,Cloud Computing,Product_23,73584,48.97,No,,24/2/24,http://example.com/pitchdeck/175,49278,Competitor_52,0,2.17,31.32,3.21
4e02b755,Startup_176,AI,Sub_2,Mumbai,Delhi,2005,Founder_620,IPO,Convertible Note,6095564,8,Investor_217,Investor_626,24382256,2498348,Yes,248,IoT,Product_23,65541,24.38,No,,27/12/23,http://example.com/pitchdeck/176,84099,Competitor_29,4,1.91,54.8,9.51
931cf07b,Startup_177,AgriTech,Sub_7,Hyderabad,Karnataka,2017,Founder_958,IPO,Equity,8735905,10,Investor_293,Investor_350,17471810,3234249,Yes,461,AR/VR,Product_21,15045,32.81,Yes,Acquirer_137,14/9/21,http://example.com/pitchdeck/177,89929,Competitor_92,13,3.01,51.49,3.7
b4d8271b,Startup_178,HealthTech,Sub_3,Hyderabad,Karnataka,2013,Founder_293,Seed,Equity,7389730,10,Investor_889,Investor_362,14779460,3623081,Yes,131,AI/ML,Product_6,88121,28.79,No,,14/5/18,http://example.com/pitchdeck/178,66906,Competitor_53,11,8.98,62.36,7.53
8d58c906,Startup_179,EdTech,Sub_1,Pune,Telangana,2010,Founder_158,Series A,Debt,2898877,8,Investor_589,Investor_441,26089893,4241413,Yes,414,AI/ML,Product_21,33717,49.88,No,,27/4/21,http://example.com/pitchdeck/179,10828,Competitor_95,8,4.35,32.82,5.71
5509a06b,Startup_180,E-Commerce,Sub_3,Bangalore,Karnataka,2009,Founder_82,Series D,Convertible Note,7701445,10,Investor_796,Investor_657,15402890,2156359,No,199,Cloud Computing,Product_10,19024,29.07,Yes,Acquirer_71,9/1/22,http://example.com/pitchdeck/180,41798,Competitor_1,15,1.08,42.52,7.74
f80fbe62,Startup_181,SaaS,Sub_4,Pune,Tamil Nadu,2015,Founder_807,Series B,Equity,1002387,8,Investor_934,Investor_902,8019096,1890563,No,197,Big Data,Product_18,46691,14.9,No,,15/10/16,http://example.com/pitchdeck/181,75234,Competitor_55,6,3.97,72.22,2.03
6e8dcb61,Startup_182,FinTech,Sub_1,Hyderabad,Delhi,2008,Founder_709,Series D,Debt,454570,2,Investor_614,Investor_112,4091130,4118730,No,122,IoT,Product_7,54172,5.24,No,,19/8/16,http://example.com/pitchdeck/182,93716,Competitor_99,6,1.95,25.06,1.11
82340d3f,Startup_183,FinTech,Sub_3,Pune,Maharashtra,2022,Founder_40,Series A,Debt,5556273,9,Investor_816,Investor_618,33337638,3443065,Yes,403,AI/ML,Product_10,51215,24.69,Yes,Acquirer_42,21/3/15,http://example.com/pitchdeck/183,62512,Competitor_20,15,6.02,69.86,4.61
f907315c,Startup_184,E-Commerce,Sub_2,Mumbai,Uttar Pradesh,2023,Founder_538,Series B,Convertible Note,5767839,5,Investor_608,Investor_399,51910551,1128886,Yes,247,Big Data,Product_7,17351,18.7,Yes,Acquirer_61,25/2/18,http://example.com/pitchdeck/184,26604,Competitor_46,18,9.36,75.3,1.46
4684a9b7,Startup_185,FinTech,Sub_10,Pune,Tamil Nadu,2021,Founder_121,Series A,Grant,5449079,2,Investor_499,Investor_916,10898158,3844028,Yes,264,Blockchain,Product_24,52046,8.95,Yes,Acquirer_104,20/11/17,http://example.com/pitchdeck/185,26960,Competitor_45,4,8.5,27.13,7.74
32689d95,Startup_186,HealthTech,Sub_8,Delhi,Delhi,2007,Founder_465,Seed,Grant,6076170,2,Investor_752,Investor_61,24304680,3334698,Yes,338,AI/ML,Product_12,71266,37.7,Yes,Acquirer_18,6/11/15,http://example.com/pitchdeck/186,35010,Competitor_93,10,5.15,69.81,1.97
abbf4d07,Startup_187,Gaming,Sub_3,Pune,Telangana,2005,Founder_150,Series C,Equity,3675375,7,Investor_350,Investor_553,18376875,4787520,No,214,Blockchain,Product_24,99167,45.34,No,,31/5/21,http://example.com/pitchdeck/187,90273,Competitor_85,19,6.85,58.87,6.32
9d5bc825,Startup_188,SaaS,Sub_6,Delhi,Telangana,2012,Founder_852,Series B,Convertible Note,9211157,9,Investor_396,Investor_361,36844628,4743894,Yes,444,AI/ML,Product_25,63529,36.52,Yes,Acquirer_125,25/12/19,http://example.com/pitchdeck/188,95789,Competitor_27,17,3.01,75.13,7.11
d0b74c24,Startup_189,HealthTech,Sub_10,Bangalore,Maharashtra,2018,Founder_880,Series A,Equity,1015085,9,Investor_330,Investor_679,7105595,2964858,No,215,AR/VR,Product_7,28233,24.89,No,,28/4/23,http://example.com/pitchdeck/189,46139,Competitor_72,10,6.42,35.8,5.4
56ecd3d3,Startup_190,E-Commerce,Sub_6,Bangalore,Tamil Nadu,2010,Founder_281,Seed,Equity,8338862,5,Investor_416,Investor_389,58372034,4699022,Yes,113,Big Data,Product_12,77341,6.77,No,,23/7/15,http://example.com/pitchdeck/190,29188,Competitor_63,8,8.08,76.55,8.94
68f1b234,Startup_191,Gaming,Sub_5,Bangalore,Telangana,2016,Founder_302,Series D,Equity,4355896,10,Investor_234,Investor_803,26135376,1192748,Yes,50,IoT,Product_12,19045,44.25,No,,16/9/23,http://example.com/pitchdeck/191,39802,Competitor_84,1,1.24,74.77,1.25
a23d9fbb,Startup_192,E-Commerce,Sub_10,Bangalore,Telangana,2019,Founder_142,Series A,Equity,2535344,6,Investor_403,Investor_36,10141376,1886479,No,251,IoT,Product_18,59693,10.59,Yes,Acquirer_132,26/8/21,http://example.com/pitchdeck/192,90133,Competitor_29,12,8.15,34.67,7.69
0dc65584,Startup_193,E-Commerce,Sub_9,Pune,Uttar Pradesh,2007,Founder_858,Series D,Grant,3046391,9,Investor_207,Investor_300,24371128,2397259,Yes,445,AI/ML,Product_21,99279,47.91,Yes,Acquirer_138,25/2/17,http://example.com/pitchdeck/193,62518,Competitor_43,10,4.36,20.59,5.08
1ad045b7,Startup_194,E-Commerce,Sub_10,Chennai,Uttar Pradesh,2023,Founder_187,IPO,Debt,5690812,1,Investor_908,Investor_428,45526496,3176696,Yes,423,IoT,Product_8,74614,26.92,Yes,Acquirer_15,4/3/23,http://example.com/pitchdeck/194,32894,Competitor_99,12,3.57,56.99,4.37
498de6ed,Startup_195,EdTech,Sub_7,Hyderabad,Maharashtra,2009,Founder_341,Series C,Convertible Note,3532224,7,Investor_326,Investor_33,17661120,2404312,No,459,AR/VR,Product_22,51961,34.33,No,,2/1/20,http://example.com/pitchdeck/195,60812,Competitor_9,2,5.44,57.08,1.03
449a247f,Startup_196,AgriTech,Sub_5,Hyderabad,Maharashtra,2012,Founder_565,IPO,Convertible Note,7832460,10,Investor_300,Investor_111,78324600,1412255,Yes,142,Blockchain,Product_21,82166,37.21,No,,13/12/17,http://example.com/pitchdeck/196,41825,Competitor_69,20,9.79,22.9,9.15
9f244c7d,Startup_197,FinTech,Sub_5,Hyderabad,Karnataka,2014,Founder_160,Series C,Convertible Note,4567689,10,Investor_659,Investor_145,13703067,2123544,No,347,AI/ML,Product_14,89904,47.25,Yes,Acquirer_85,24/11/16,http://example.com/pitchdeck/197,11986,Competitor_6,9,3.08,70.68,8.1
dabf09b4,Startup_198,FinTech,Sub_3,Delhi,Delhi,2023,Founder_157,IPO,Grant,4904349,4,Investor_379,Investor_489,29426094,4328481,Yes,329,Blockchain,Product_4,68697,17.05,No,,12/4/17,http://example.com/pitchdeck/198,79789,Competitor_7,16,8.91,29.77,1.28
d3892c3d,Startup_199,AgriTech,Sub_10,Bangalore,Delhi,2011,Founder_892,Series D,Debt,9607086,9,Investor_615,Investor_766,76856688,3266915,Yes,349,Blockchain,Product_6,70922,23.25,Yes,Acquirer_170,17/9/20,http://example.com/pitchdeck/199,59384,Competitor_5,0,1.74,51.95,7.08
7badccbc,Startup_200,AgriTech,Sub_9,Pune,Telangana,2005,Founder_358,Series B,Grant,5049728,5,Investor_221,Investor_160,50497280,3343164,No,231,IoT,Product_22,15877,42.28,Yes,Acquirer_130,26/2/19,http://example.com/pitchdeck/200,82646,Competitor_1,13,1.84,45.95,6.46
4f26f3dd,Startup_201,E-Commerce,Sub_1,Delhi,Maharashtra,2013,Founder_228,IPO,Equity,5396020,7,Investor_225,Investor_264,16188060,4055918,No,343,Big Data,Product_19,84122,24.69,No,,22/12/18,http://example.com/pitchdeck/201,61078,Competitor_83,16,8.92,24.72,2.24
f800015c,Startup_202,HealthTech,Sub_10,Bangalore,Delhi,2018,Founder_19,Series B,Debt,1094274,2,Investor_159,Investor_262,8754192,4562457,Yes,56,Big Data,Product_18,58656,24.01,No,,24/7/21,http://example.com/pitchdeck/202,29531,Competitor_70,19,4.61,66.06,9.48
0d4e799d,Startup_203,EdTech,Sub_5,Mumbai,Uttar Pradesh,2022,Founder_669,Series C,Debt,6162922,1,Investor_492,Investor_252,24651688,3578031,Yes,393,IoT,Product_25,75759,13.37,No,,12/11/16,http://example.com/pitchdeck/203,15702,Competitor_86,11,9.06,29.62,7.6
9b2cde3f,Startup_204,TravelTech,Sub_2,Hyderabad,Tamil Nadu,2012,Founder_361,Series A,Debt,1811215,10,Investor_913,Investor_241,7244860,2804480,No,314,AI/ML,Product_12,32220,49.64,Yes,Acquirer_103,10/5/24,http://example.com/pitchdeck/204,55270,Competitor_2,8,6.45,36.47,3.74
415eb3d3,Startup_205,AI,Sub_3,Mumbai,Tamil Nadu,2022,Founder_992,IPO,Grant,872349,9,Investor_952,Investor_402,6106443,3455491,Yes,402,AR/VR,Product_8,18037,37.59,Yes,Acquirer_87,27/4/23,http://example.com/pitchdeck/205,18987,Competitor_43,15,3.4,55.23,5.56
9be956cf,Startup_206,AgriTech,Sub_1,Delhi,Tamil Nadu,2020,Founder_881,Series C,Debt,3714178,4,Investor_378,Investor_822,37141780,4682354,No,407,AR/VR,Product_19,59507,42.23,No,,26/4/24,http://example.com/pitchdeck/206,91914,Competitor_35,1,7.65,20.87,8.4
a3fd9bc6,Startup_207,HealthTech,Sub_5,Chennai,Uttar Pradesh,2011,Founder_202,IPO,Grant,8047652,8,Investor_498,Investor_580,72428868,2368949,No,463,AR/VR,Product_14,39055,20.55,No,,17/10/19,http://example.com/pitchdeck/207,81606,Competitor_67,6,5.9,47.34,4.29
4f0d4392,Startup_208,Retail,Sub_7,Hyderabad,Delhi,2006,Founder_117,Series B,Grant,953628,5,Investor_396,Investor_825,1907256,1720902,No,411,Big Data,Product_1,57661,24.81,Yes,Acquirer_24,2/2/20,http://example.com/pitchdeck/208,70561,Competitor_70,12,1.02,72.66,3.85
6b1c4e03,Startup_209,Retail,Sub_3,Hyderabad,Karnataka,2016,Founder_910,Seed,Equity,8622961,8,Investor_147,Investor_536,34491844,3906689,No,364,AI/ML,Product_11,55459,40.17,Yes,Acquirer_183,14/11/19,http://example.com/pitchdeck/209,18291,Competitor_65,10,3.11,25.66,8.19
c6f6e05a,Startup_210,FinTech,Sub_3,Delhi,Telangana,2019,Founder_208,Series D,Equity,6314635,10,Investor_360,Investor_505,63146350,3658205,No,441,Cloud Computing,Product_5,45518,11.6,No,,23/6/21,http://example.com/pitchdeck/210,28548,Competitor_37,7,2.12,20.52,2.01
d96fdf5a,Startup_211,AI,Sub_3,Mumbai,Delhi,2013,Founder_201,Series D,Equity,4218220,4,Investor_45,Investor_857,25309320,2357391,Yes,385,AR/VR,Product_10,68049,7.7,Yes,Acquirer_43,23/7/18,http://example.com/pitchdeck/211,86828,Competitor_88,2,3.39,65.54,7.01
4ac9bc4f,Startup_212,Retail,Sub_7,Chennai,Maharashtra,2016,Founder_1000,IPO,Grant,9088941,2,Investor_717,Investor_988,81800469,4907092,Yes,256,Blockchain,Product_19,47706,14.58,No,,4/7/21,http://example.com/pitchdeck/212,27870,Competitor_26,19,8.83,56.67,5.68
0639257f,Startup_213,FinTech,Sub_9,Chennai,Delhi,2010,Founder_181,Series C,Debt,4559421,7,Investor_125,Investor_932,41034789,4166302,No,298,AI/ML,Product_10,57730,5.5,Yes,Acquirer_164,7/7/16,http://example.com/pitchdeck/213,92089,Competitor_43,7,4.43,43.13,5.19
c67cd283,Startup_214,AgriTech,Sub_3,Delhi,Tamil Nadu,2011,Founder_956,Seed,Equity,100907,9,Investor_759,Investor_710,403628,3980731,Yes,421,AR/VR,Product_17,12712,26.72,Yes,Acquirer_194,16/10/15,http://example.com/pitchdeck/214,29400,Competitor_74,19,4.47,63.82,5.43
2ecd495d,Startup_215,EdTech,Sub_6,Chennai,Tamil Nadu,2014,Founder_671,Series B,Grant,1165450,1,Investor_366,Investor_951,8158150,841989,Yes,50,IoT,Product_9,85515,17.49,No,,2/11/17,http://example.com/pitchdeck/215,20353,Competitor_32,9,9.42,49.65,1.54
2b00223b,Startup_216,Gaming,Sub_8,Mumbai,Uttar Pradesh,2018,Founder_925,Series C,Debt,1335007,7,Investor_282,Investor_774,2670014,2713485,No,452,Cloud Computing,Product_23,40348,31.46,No,,18/5/23,http://example.com/pitchdeck/216,26398,Competitor_10,12,1.83,68.1,9.8
6a34b9f7,Startup_217,AgriTech,Sub_5,Chennai,Uttar Pradesh,2010,Founder_804,Series B,Convertible Note,6318903,1,Investor_412,Investor_569,63189030,1256661,No,59,Big Data,Product_15,95377,40.69,No,,15/3/24,http://example.com/pitchdeck/217,43023,Competitor_77,0,1.21,78.5,5.73
3e949da2,Startup_218,Gaming,Sub_10,Bangalore,Karnataka,2006,Founder_818,Series D,Equity,1649700,6,Investor_595,Investor_568,8248500,2909730,Yes,426,AI/ML,Product_23,78439,39.79,No,,19/10/19,http://example.com/pitchdeck/218,44774,Competitor_30,2,2.71,49.69,2.97
c52d42e6,Startup_219,SaaS,Sub_1,Pune,Tamil Nadu,2005,Founder_942,Seed,Convertible Note,7937501,8,Investor_125,Investor_903,31750004,2220405,No,149,Cloud Computing,Product_7,86035,35.7,Yes,Acquirer_177,3/7/15,http://example.com/pitchdeck/219,73828,Competitor_30,17,3.16,37.86,5.21
f777266f,Startup_220,HealthTech,Sub_9,Pune,Delhi,2010,Founder_205,Seed,Grant,359769,5,Investor_110,Investor_183,2878152,899051,No,106,Blockchain,Product_2,16991,42.73,Yes,Acquirer_156,11/10/18,http://example.com/pitchdeck/220,20250,Competitor_13,14,2.53,30.32,4.73
44029a69,Startup_221,EdTech,Sub_8,Bangalore,Telangana,2007,Founder_280,Series D,Grant,3588885,1,Investor_18,Investor_344,32299965,1939109,Yes,262,Blockchain,Product_16,64833,13.71,No,,15/4/18,http://example.com/pitchdeck/221,40563,Competitor_78,13,7.54,28.58,7.27
fe7e7d35,Startup_222,SaaS,Sub_6,Pune,Karnataka,2014,Founder_748,Series C,Debt,461092,3,Investor_512,Investor_269,1383276,2904844,Yes,85,Big Data,Product_3,67378,45.38,Yes,Acquirer_40,25/11/19,http://example.com/pitchdeck/222,16378,Competitor_48,5,9.83,34.39,6.09
b34686b5,Startup_223,AI,Sub_10,Hyderabad,Tamil Nadu,2016,Founder_439,Series C,Equity,4672022,3,Investor_331,Investor_958,42048198,2236227,No,121,IoT,Product_2,56132,22.29,Yes,Acquirer_78,10/2/15,http://example.com/pitchdeck/223,83416,Competitor_92,6,1.04,55.67,8.14
55e58f24,Startup_224,E-Commerce,Sub_6,Mumbai,Tamil Nadu,2012,Founder_694,Series A,Convertible Note,6938612,7,Investor_220,Investor_99,34693060,755464,Yes,367,Cloud Computing,Product_21,66680,6.88,Yes,Acquirer_132,1/2/20,http://example.com/pitchdeck/224,50237,Competitor_8,12,3.63,33.2,2.43
a85f0181,Startup_225,Gaming,Sub_8,Mumbai,Telangana,2012,Founder_925,Seed,Grant,2211894,1,Investor_309,Investor_2,17695152,2294740,No,96,AR/VR,Product_17,76329,14.98,No,,3/12/22,http://example.com/pitchdeck/225,33951,Competitor_26,12,3.55,68.93,4.55
2c0079bd,Startup_226,Gaming,Sub_4,Mumbai,Telangana,2023,Founder_390,IPO,Grant,3539694,10,Investor_94,Investor_737,35396940,3263500,Yes,169,AI/ML,Product_2,49143,48.8,No,,6/8/15,http://example.com/pitchdeck/226,14159,Competitor_17,14,6.84,79.64,5.59
cdceb35d,Startup_227,Retail,Sub_8,Pune,Karnataka,2019,Founder_989,Series D,Equity,4148555,8,Investor_874,Investor_936,37336995,684519,Yes,208,Big Data,Product_3,32622,29.01,Yes,Acquirer_191,19/6/15,http://example.com/pitchdeck/227,61741,Competitor_2,17,5.46,52.78,2.07
039222bb,Startup_228,TravelTech,Sub_7,Bangalore,Uttar Pradesh,2020,Founder_588,Seed,Grant,5193219,4,Investor_385,Investor_58,25966095,3117476,Yes,199,IoT,Product_1,42933,30.01,Yes,Acquirer_192,11/10/15,http://example.com/pitchdeck/228,25112,Competitor_32,4,5.31,51.68,6.76
81299a7a,Startup_229,AI,Sub_2,Mumbai,Karnataka,2017,Founder_638,Series A,Grant,2571943,10,Investor_728,Investor_586,25719430,1555509,No,231,AI/ML,Product_1,50446,31.18,No,,2/8/16,http://example.com/pitchdeck/229,48123,Competitor_96,4,7.62,35,5.48
d3fe4f3d,Startup_230,E-Commerce,Sub_5,Chennai,Uttar Pradesh,2006,Founder_861,IPO,Debt,8209414,1,Investor_42,Investor_683,65675312,1409029,No,258,Blockchain,Product_22,80943,21.36,Yes,Acquirer_148,31/1/15,http://example.com/pitchdeck/230,50249,Competitor_91,1,5.56,55.46,5.81
c329d196,Startup_231,HealthTech,Sub_10,Delhi,Maharashtra,2006,Founder_823,Seed,Equity,4501928,5,Investor_389,Investor_338,31513496,4373789,Yes,354,Blockchain,Product_2,38732,42.16,Yes,Acquirer_193,12/7/23,http://example.com/pitchdeck/231,19749,Competitor_99,1,1.64,66.79,7.9
dfd52e8c,Startup_232,Retail,Sub_9,Hyderabad,Delhi,2013,Founder_929,Series D,Debt,7759848,3,Investor_16,Investor_871,69838632,4953865,Yes,65,IoT,Product_23,90824,26.12,No,,10/10/15,http://example.com/pitchdeck/232,70149,Competitor_54,6,4.42,29.6,3.45
62607c41,Startup_233,AgriTech,Sub_3,Delhi,Tamil Nadu,2013,Founder_570,Series C,Grant,4402571,4,Investor_847,Investor_25,8805142,1826572,No,187,AR/VR,Product_23,96443,7.83,Yes,Acquirer_48,7/11/20,http://example.com/pitchdeck/233,29005,Competitor_97,15,4.79,42.12,3.53
67ac4ba3,Startup_234,E-Commerce,Sub_6,Hyderabad,Tamil Nadu,2022,Founder_855,Seed,Grant,107407,3,Investor_89,Investor_339,644442,4002181,Yes,330,AR/VR,Product_7,38261,22.75,Yes,Acquirer_6,29/4/16,http://example.com/pitchdeck/234,31612,Competitor_11,8,1.7,44.85,4.6
65a1f608,Startup_235,AI,Sub_4,Chennai,Telangana,2005,Founder_61,Series B,Convertible Note,7565282,2,Investor_932,Investor_771,22695846,3969224,Yes,320,Big Data,Product_6,91106,33.12,No,,23/8/21,http://example.com/pitchdeck/235,96645,Competitor_50,8,1.51,75.92,5.42
2cfc3843,Startup_236,TravelTech,Sub_4,Chennai,Maharashtra,2013,Founder_48,Series B,Equity,5943533,7,Investor_542,Investor_48,29717665,1216093,No,175,AR/VR,Product_24,28368,10.98,Yes,Acquirer_142,18/9/22,http://example.com/pitchdeck/236,85623,Competitor_19,12,7.72,41.03,7.84
96ed1a9e,Startup_237,E-Commerce,Sub_3,Hyderabad,Delhi,2022,Founder_181,Series C,Convertible Note,5269905,10,Investor_878,Investor_864,31619430,584495,No,212,AR/VR,Product_7,15900,44.63,Yes,Acquirer_173,12/11/24,http://example.com/pitchdeck/237,38032,Competitor_32,4,2.19,71.84,5.37
d4fd5550,Startup_238,FinTech,Sub_2,Delhi,Delhi,2009,Founder_89,Series C,Equity,9262835,7,Investor_542,Investor_100,55577010,1154380,No,313,Big Data,Product_25,21233,10.88,No,,7/9/15,http://example.com/pitchdeck/238,27512,Competitor_24,6,6.2,60.59,7.41
b59102be,Startup_239,TravelTech,Sub_8,Chennai,Maharashtra,2009,Founder_589,Series D,Equity,8853512,8,Investor_766,Investor_860,17707024,3943435,No,139,Blockchain,Product_2,96827,5.46,Yes,Acquirer_60,16/4/17,http://example.com/pitchdeck/239,42735,Competitor_48,1,9.17,64.12,8.96
a8f8bda1,Startup_240,HealthTech,Sub_6,Chennai,Telangana,2018,Founder_817,Seed,Convertible Note,9894780,2,Investor_999,Investor_140,19789560,2950804,Yes,271,AI/ML,Product_14,73126,16.32,Yes,Acquirer_81,6/8/15,http://example.com/pitchdeck/240,30941,Competitor_70,16,7.14,65.96,7.75
c777e835,Startup_241,Retail,Sub_7,Delhi,Uttar Pradesh,2013,Founder_170,Series B,Equity,3007291,10,Investor_866,Investor_887,27065619,2039106,No,207,IoT,Product_9,35444,14.25,No,,22/1/19,http://example.com/pitchdeck/241,56693,Competitor_46,8,4.99,25.9,5.61
39b8da77,Startup_242,TravelTech,Sub_3,Delhi,Uttar Pradesh,2006,Founder_54,Seed,Convertible Note,1944729,9,Investor_418,Investor_746,5834187,4192695,No,494,Cloud Computing,Product_3,61359,31.24,No,,14/7/21,http://example.com/pitchdeck/242,79906,Competitor_67,0,7.08,45.37,3.74
d0102382,Startup_243,HealthTech,Sub_3,Chennai,Delhi,2023,Founder_674,IPO,Debt,3846260,5,Investor_435,Investor_381,23077560,1440112,No,463,Blockchain,Product_9,86698,40.98,No,,10/10/22,http://example.com/pitchdeck/243,96498,Competitor_16,17,3.85,58.76,7.79
9d6b689e,Startup_244,HealthTech,Sub_6,Bangalore,Uttar Pradesh,2006,Founder_547,Seed,Convertible Note,5582031,10,Investor_113,Investor_786,50238279,2775464,No,195,IoT,Product_20,56433,33.18,Yes,Acquirer_125,2/2/15,http://example.com/pitchdeck/244,35063,Competitor_99,13,8.57,79.26,5.2
31ba1e26,Startup_245,SaaS,Sub_5,Delhi,Karnataka,2021,Founder_5,Series B,Grant,6028277,5,Investor_396,Investor_870,24113108,2098403,No,467,IoT,Product_24,37257,25.07,Yes,Acquirer_86,1/1/18,http://example.com/pitchdeck/245,70061,Competitor_14,13,1.91,67.54,9.44
6a23736e,Startup_246,HealthTech,Sub_1,Pune,Maharashtra,2008,Founder_389,IPO,Debt,8047677,3,Investor_413,Investor_459,32190708,3609528,Yes,376,Cloud Computing,Product_20,80967,26.03,No,,6/4/23,http://example.com/pitchdeck/246,71779,Competitor_56,19,7.52,58.25,2.83
273d59a4,Startup_247,AI,Sub_1,Chennai,Telangana,2022,Founder_898,IPO,Grant,4135638,3,Investor_587,Investor_503,37220742,4477722,No,426,Blockchain,Product_14,52810,35.52,No,,7/12/23,http://example.com/pitchdeck/247,47503,Competitor_30,1,6.45,72.68,5.62
5e0f8392,Startup_248,Retail,Sub_5,Bangalore,Karnataka,2009,Founder_849,IPO,Convertible Note,2738659,7,Investor_298,Investor_963,21909272,2848631,No,334,Blockchain,Product_9,45098,41.65,No,,28/4/23,http://example.com/pitchdeck/248,84480,Competitor_31,14,4.83,33.21,9.77
43bd4b59,Startup_249,AI,Sub_4,Pune,Delhi,2012,Founder_321,Seed,Convertible Note,6760300,7,Investor_688,Investor_24,40561800,2377368,Yes,236,Big Data,Product_15,92520,25.33,No,,13/4/17,http://example.com/pitchdeck/249,26510,Competitor_24,0,5.49,75.52,7.99
7abae749,Startup_250,EdTech,Sub_7,Hyderabad,Maharashtra,2013,Founder_134,IPO,Grant,575587,10,Investor_656,Investor_220,3453522,3820306,No,261,Big Data,Product_4,16891,16.2,No,,25/1/16,http://example.com/pitchdeck/250,89084,Competitor_87,16,7.92,68.38,9.02
c8eff096,Startup_251,Gaming,Sub_6,Bangalore,Telangana,2009,Founder_980,Series B,Equity,1764947,2,Investor_957,Investor_315,10589682,1729768,No,451,AR/VR,Product_9,91624,22.97,No,,2/1/22,http://example.com/pitchdeck/251,91082,Competitor_11,6,1.41,56.82,3.92
bb5009f2,Startup_252,FinTech,Sub_2,Pune,Telangana,2015,Founder_837,Series D,Debt,4976757,4,Investor_779,Investor_772,24883785,1712097,No,55,AI/ML,Product_15,69961,33.6,No,,22/6/23,http://example.com/pitchdeck/252,58063,Competitor_46,13,9.62,24.01,6.9
8541b8e6,Startup_253,AI,Sub_1,Delhi,Delhi,2010,Founder_960,Series D,Grant,4080659,8,Investor_345,Investor_171,24483954,3474165,Yes,437,Blockchain,Product_16,62874,26.74,Yes,Acquirer_88,10/8/17,http://example.com/pitchdeck/253,84473,Competitor_25,0,9.96,32.52,3.31
56845f15,Startup_254,FinTech,Sub_8,Mumbai,Karnataka,2016,Founder_926,Series D,Debt,4723808,6,Investor_836,Investor_124,9447616,3775240,Yes,95,IoT,Product_16,17197,25.94,Yes,Acquirer_81,25/1/23,http://example.com/pitchdeck/254,47821,Competitor_79,15,2.06,45.09,8.54
8517289,Startup_255,TravelTech,Sub_1,Bangalore,Tamil Nadu,2018,Founder_180,Series B,Equity,3119093,2,Investor_215,Investor_380,28071837,2157802,Yes,165,IoT,Product_22,23799,32.46,Yes,Acquirer_16,11/8/17,http://example.com/pitchdeck/255,93315,Competitor_30,14,5.82,76.55,4.13
34d3aa4e,Startup_256,EdTech,Sub_9,Chennai,Delhi,2010,Founder_578,Series C,Grant,3781024,3,Investor_216,Investor_263,22686144,1364512,No,337,Big Data,Product_9,65866,35.11,Yes,Acquirer_40,6/1/20,http://example.com/pitchdeck/256,82693,Competitor_73,0,3.33,50.49,6.72
7b595354,Startup_257,AI,Sub_8,Hyderabad,Tamil Nadu,2022,Founder_341,Seed,Convertible Note,5112650,5,Investor_883,Investor_285,30675900,2418621,No,123,AI/ML,Product_9,90643,7.54,Yes,Acquirer_169,2/8/23,http://example.com/pitchdeck/257,81054,Competitor_17,2,5.45,56.79,4.81
640ea8b4,Startup_258,TravelTech,Sub_8,Delhi,Karnataka,2013,Founder_446,Series D,Convertible Note,7597718,8,Investor_88,Investor_819,68379462,2813190,No,225,AI/ML,Product_18,85244,38.13,Yes,Acquirer_163,9/8/24,http://example.com/pitchdeck/258,50028,Competitor_66,5,1.78,72.98,6.74
871059c1,Startup_259,AgriTech,Sub_9,Chennai,Karnataka,2022,Founder_949,Series B,Convertible Note,9355467,4,Investor_606,Investor_979,46777335,4145489,Yes,342,AI/ML,Product_24,51629,13.05,Yes,Acquirer_200,21/1/23,http://example.com/pitchdeck/259,73316,Competitor_72,10,6.92,66.09,5.57
67fca7dc,Startup_260,Retail,Sub_2,Delhi,Uttar Pradesh,2022,Founder_367,Series C,Debt,5848817,8,Investor_588,Investor_159,40941719,4679961,No,383,Cloud Computing,Product_25,66191,28.41,No,,19/2/17,http://example.com/pitchdeck/260,41530,Competitor_45,16,5.93,79.47,1.48
207693ca,Startup_261,Gaming,Sub_10,Bangalore,Uttar Pradesh,2013,Founder_792,Series D,Grant,5470683,9,Investor_703,Investor_818,21882732,4071053,Yes,96,AR/VR,Product_10,95486,35.4,Yes,Acquirer_10,31/6/2016,http://example.com/pitchdeck/261,25138,Competitor_68,4,7.01,68.83,6.19
60a0575e,Startup_262,Gaming,Sub_8,Bangalore,Tamil Nadu,2009,Founder_229,IPO,Debt,5720979,5,Investor_565,Investor_436,11441958,4255597,No,311,IoT,Product_25,13863,11.1,No,,26/4/16,http://example.com/pitchdeck/262,71174,Competitor_50,18,6.01,67.09,2.97
9dd7a85c,Startup_263,EdTech,Sub_10,Hyderabad,Uttar Pradesh,2021,Founder_533,Series A,Grant,608587,4,Investor_43,Investor_416,3651522,4989269,No,156,Big Data,Product_4,20513,9.46,Yes,Acquirer_36,28/4/19,http://example.com/pitchdeck/263,33491,Competitor_59,19,2.33,46.47,4.89
f0c51a39,Startup_264,SaaS,Sub_4,Mumbai,Tamil Nadu,2013,Founder_690,Series B,Convertible Note,2466786,2,Investor_691,Investor_509,14800716,976082,Yes,102,AI/ML,Product_21,84206,34.74,No,,8/7/18,http://example.com/pitchdeck/264,34842,Competitor_52,19,8.91,38.23,7.74
156a6cb0,Startup_265,EdTech,Sub_6,Pune,Uttar Pradesh,2018,Founder_572,Seed,Grant,5709672,7,Investor_654,Investor_822,57096720,801406,No,346,IoT,Product_22,91639,35.53,No,,11/4/24,http://example.com/pitchdeck/265,78091,Competitor_40,3,9.4,79.03,2.73
5f83cf6c,Startup_266,E-Commerce,Sub_9,Pune,Telangana,2011,Founder_164,Series C,Equity,9268225,8,Investor_363,Investor_862,27804675,3113071,Yes,123,AR/VR,Product_2,29330,20.76,Yes,Acquirer_50,18/4/19,http://example.com/pitchdeck/266,64987,Competitor_30,0,3.52,46.22,5.43
6dfeeeab,Startup_267,TravelTech,Sub_9,Pune,Maharashtra,2014,Founder_246,Series D,Convertible Note,6958466,4,Investor_401,Investor_152,41750796,2433582,Yes,390,Blockchain,Product_16,65985,34.89,Yes,Acquirer_9,3/1/24,http://example.com/pitchdeck/267,84302,Competitor_73,4,8.87,30.18,6.71
c3afefd3,Startup_268,E-Commerce,Sub_6,Bangalore,Tamil Nadu,2017,Founder_954,IPO,Convertible Note,2396975,2,Investor_708,Investor_199,11984875,3977426,Yes,98,AR/VR,Product_9,12186,16.76,No,,2/6/24,http://example.com/pitchdeck/268,38780,Competitor_72,10,6.43,39.36,4.5
63af4eeb,Startup_269,Retail,Sub_8,Hyderabad,Karnataka,2015,Founder_984,Seed,Debt,4934762,10,Investor_416,Investor_118,24673810,4675475,Yes,75,AR/VR,Product_4,45168,11.11,Yes,Acquirer_79,15/6/20,http://example.com/pitchdeck/269,25599,Competitor_47,13,3.93,61.64,5
55dabb40,Startup_270,AI,Sub_1,Delhi,Tamil Nadu,2019,Founder_958,IPO,Grant,1056560,7,Investor_52,Investor_321,8452480,3569871,No,347,Blockchain,Product_6,51211,34.34,Yes,Acquirer_186,14/7/17,http://example.com/pitchdeck/270,24148,Competitor_100,0,5.27,66.39,4.04
1ca42533,Startup_271,Retail,Sub_3,Hyderabad,Karnataka,2009,Founder_608,Series B,Grant,3657537,8,Investor_503,Investor_375,32917833,4168772,No,248,IoT,Product_19,39388,25.15,Yes,Acquirer_124,25/4/17,http://example.com/pitchdeck/271,45925,Competitor_5,1,2.42,40.57,3.22
55ca9aa9,Startup_272,HealthTech,Sub_1,Mumbai,Telangana,2005,Founder_875,Series B,Grant,2490990,10,Investor_47,Investor_895,19927920,3254196,No,365,IoT,Product_9,45752,41.26,No,,20/8/21,http://example.com/pitchdeck/272,83610,Competitor_41,0,6.38,69.9,3.79
8c185d28,Startup_273,Gaming,Sub_1,Delhi,Maharashtra,2008,Founder_658,Series A,Convertible Note,2769734,9,Investor_830,Investor_556,11078936,961566,Yes,141,AR/VR,Product_6,32849,45.75,Yes,Acquirer_186,4/2/23,http://example.com/pitchdeck/273,85035,Competitor_14,15,1.25,63.99,1.05
569c0374,Startup_274,Retail,Sub_2,Pune,Karnataka,2012,Founder_409,Series D,Grant,4916248,4,Investor_920,Investor_668,34413736,1604409,No,272,Big Data,Product_16,28275,25.54,Yes,Acquirer_12,11/10/23,http://example.com/pitchdeck/274,22140,Competitor_14,12,9.95,75.82,7.37
50346915,Startup_275,EdTech,Sub_10,Chennai,Maharashtra,2010,Founder_363,Series A,Equity,7301795,1,Investor_759,Investor_681,29207180,665574,No,380,AR/VR,Product_25,19479,29.4,No,,22/2/23,http://example.com/pitchdeck/275,20308,Competitor_73,18,1.42,29.02,9.86
63906f75,Startup_276,TravelTech,Sub_10,Mumbai,Maharashtra,2013,Founder_227,Series D,Equity,6021950,2,Investor_856,Investor_386,54197550,3326439,Yes,385,AI/ML,Product_21,35418,42.55,Yes,Acquirer_144,24/11/18,http://example.com/pitchdeck/276,18339,Competitor_10,0,7.56,61.56,6.18
daa72d30,Startup_277,AgriTech,Sub_6,Hyderabad,Maharashtra,2017,Founder_578,IPO,Grant,5664053,5,Investor_852,Investor_260,16992159,1203737,Yes,129,IoT,Product_13,49883,30.52,No,,18/8/23,http://example.com/pitchdeck/277,31515,Competitor_59,1,6.57,71,4.04
fe915eb5,Startup_278,TravelTech,Sub_4,Pune,Maharashtra,2011,Founder_988,Series D,Debt,8220281,6,Investor_556,Investor_253,41101405,4790586,Yes,317,Cloud Computing,Product_15,67438,10.88,No,,9/12/18,http://example.com/pitchdeck/278,44089,Competitor_17,7,9.41,66.68,1.56
948f89ef,Startup_279,E-Commerce,Sub_4,Hyderabad,Delhi,2015,Founder_333,Seed,Convertible Note,9148926,8,Investor_926,Investor_695,36595704,3907369,Yes,255,AI/ML,Product_5,49203,35.82,No,,21/3/19,http://example.com/pitchdeck/279,76992,Competitor_67,15,4.81,72.75,7.9
3fb338f5,Startup_280,TravelTech,Sub_9,Hyderabad,Tamil Nadu,2015,Founder_184,IPO,Grant,9324767,4,Investor_523,Investor_665,18649534,585143,No,256,Blockchain,Product_8,69299,7.73,Yes,Acquirer_118,6/2/22,http://example.com/pitchdeck/280,24628,Competitor_73,17,9.33,79.36,1.67
aec4e25c,Startup_281,AgriTech,Sub_4,Hyderabad,Uttar Pradesh,2019,Founder_175,Series C,Equity,2346373,8,Investor_978,Investor_33,9385492,1488341,No,393,AR/VR,Product_19,74190,24.88,No,,1/3/16,http://example.com/pitchdeck/281,80326,Competitor_61,17,1.68,41.93,9.66
04b6f29b,Startup_282,SaaS,Sub_3,Delhi,Maharashtra,2019,Founder_344,IPO,Grant,5227483,3,Investor_379,Investor_560,36592381,2369844,Yes,290,AR/VR,Product_24,77779,47.52,No,,12/9/17,http://example.com/pitchdeck/282,80057,Competitor_50,10,8.82,60.4,8.98
0688ce19,Startup_283,FinTech,Sub_7,Hyderabad,Maharashtra,2005,Founder_102,Series D,Debt,1004383,8,Investor_264,Investor_12,3013149,4311245,No,259,Blockchain,Product_6,20129,19.36,Yes,Acquirer_65,23/3/20,http://example.com/pitchdeck/283,34586,Competitor_28,1,4.17,29.74,7.74
267dc5f0,Startup_284,FinTech,Sub_2,Hyderabad,Delhi,2014,Founder_763,Series D,Grant,4212708,2,Investor_297,Investor_984,42127080,1643116,Yes,213,AR/VR,Product_4,79291,48.86,No,,2/3/20,http://example.com/pitchdeck/284,23935,Competitor_21,11,8.88,79.22,2.32
89d19baf,Startup_285,Retail,Sub_7,Mumbai,Tamil Nadu,2022,Founder_919,Series A,Equity,2636579,1,Investor_622,Investor_254,13182895,2188169,No,404,AR/VR,Product_23,44936,39.88,No,,30/6/22,http://example.com/pitchdeck/285,26330,Competitor_94,13,2.33,73.25,2.3
d81757145,Startup_286,EdTech,Sub_2,Pune,Delhi,2017,Founder_836,IPO,Equity,5329343,7,Investor_726,Investor_450,10658686,4890947,Yes,325,Big Data,Product_11,42197,35.88,No,,26/3/18,http://example.com/pitchdeck/286,65610,Competitor_2,1,6.45,42.85,9.86
1aceeef0,Startup_287,AI,Sub_3,Hyderabad,Uttar Pradesh,2012,Founder_933,Seed,Equity,1323093,2,Investor_829,Investor_551,10584744,1415752,Yes,192,Big Data,Product_15,78677,7.1,No,,30/2/2024,http://example.com/pitchdeck/287,11471,Competitor_13,6,6.93,57.12,4.11
e45906584,Startup_288,FinTech,Sub_4,Pune,Maharashtra,2019,Founder_465,Series A,Grant,200162,5,Investor_664,Investor_462,800648,1621148,No,364,Cloud Computing,Product_13,10503,20.37,No,,9/4/22,http://example.com/pitchdeck/288,71743,Competitor_13,20,4.37,69.09,6.22
d4f958c6,Startup_289,HealthTech,Sub_9,Bangalore,Tamil Nadu,2016,Founder_757,Seed,Debt,774225,6,Investor_800,Investor_957,6193800,3711136,No,262,AR/VR,Product_8,36968,37.63,Yes,Acquirer_131,16/1/22,http://example.com/pitchdeck/289,75438,Competitor_96,3,7.19,24.73,5.58
5a00a71e,Startup_290,FinTech,Sub_4,Hyderabad,Telangana,2012,Founder_458,IPO,Grant,1152603,1,Investor_431,Investor_706,9220824,648278,No,354,Big Data,Product_5,24062,12.55,Yes,Acquirer_98,7/3/21,http://example.com/pitchdeck/290,79376,Competitor_96,1,3.46,79.59,7.78
2912cf57,Startup_291,TravelTech,Sub_10,Chennai,Karnataka,2009,Founder_388,Series B,Debt,1743580,9,Investor_824,Investor_144,15692220,4174443,Yes,412,AR/VR,Product_23,59604,37.3,No,,30/2/2020,http://example.com/pitchdeck/291,39065,Competitor_13,9,4.94,42.19,4.15
7950bc66,Startup_292,Gaming,Sub_10,Mumbai,Tamil Nadu,2012,Founder_224,IPO,Debt,1460188,2,Investor_331,Investor_928,2920376,3747209,No,138,Big Data,Product_25,52396,40.86,No,,27/1/23,http://example.com/pitchdeck/292,63936,Competitor_94,20,1.12,65.71,9.57
b996f52e,Startup_293,FinTech,Sub_2,Delhi,Karnataka,2005,Founder_833,IPO,Equity,4294686,4,Investor_656,Investor_791,17178744,3446570,No,467,Big Data,Product_23,44641,17.15,Yes,Acquirer_52,29/6/20,http://example.com/pitchdeck/293,96428,Competitor_4,4,9.96,52.43,9.56
c8fb7600,Startup_294,HealthTech,Sub_2,Mumbai,Delhi,2021,Founder_200,IPO,Debt,8056327,10,Investor_884,Investor_176,24168981,3040417,Yes,318,Big Data,Product_8,29868,33.36,Yes,Acquirer_40,7/5/15,http://example.com/pitchdeck/294,94523,Competitor_19,14,4.05,74.53,8.03
996bb753,Startup_295,HealthTech,Sub_1,Chennai,Telangana,2006,Founder_207,Series D,Equity,861979,4,Investor_548,Investor_758,6033853,2158102,Yes,466,AR/VR,Product_7,88315,7.1,No,,8/4/24,http://example.com/pitchdeck/295,74516,Competitor_4,4,2.87,26.6,4.83
ecda650a,Startup_296,TravelTech,Sub_3,Hyderabad,Maharashtra,2006,Founder_31,IPO,Debt,5390476,1,Investor_568,Investor_800,37733332,2422304,Yes,467,Blockchain,Product_13,44967,47.58,Yes,Acquirer_129,28/10/17,http://example.com/pitchdeck/296,15537,Competitor_91,4,6.31,33.88,9.06
e4f1bc7d,Startup_297,E-Commerce,Sub_7,Pune,Delhi,2017,Founder_261,Series D,Equity,6244661,3,Investor_506,Investor_558,49957288,3445510,No,443,Blockchain,Product_8,18314,7.79,Yes,Acquirer_101,22/2/24,http://example.com/pitchdeck/297,26454,Competitor_54,2,1.94,21.11,6.92
536944dd,Startup_298,Retail,Sub_5,Hyderabad,Delhi,2011,Founder_250,Series A,Equity,7432124,9,Investor_94,Investor_476,59456992,3122525,Yes,68,AR/VR,Product_2,61843,43.02,No,,29/2/24,http://example.com/pitchdeck/298,58851,Competitor_23,6,8.63,64.43,1.19
f35136118,Startup_299,AgriTech,Sub_4,Bangalore,Telangana,2021,Founder_260,Series C,Grant,8436633,5,Investor_631,Investor_200,33746532,2511770,No,231,Big Data,Product_16,24852,27.56,Yes,Acquirer_107,25/6/16,http://example.com/pitchdeck/299,90905,Competitor_31,6,4.03,72.04,6.76
